contract_ref,sales_order,shipment_id,contract_date,profit_center,counterparty_id,counterparty_name,broker,material_code,product,quantity_mt,price_usd_per_mt,invoice_amount_usd,payment_terms_id,incoterms,load_port,discharge_port,discharge_port_country,mode_of_transport,vessel,shipment_month,bl_date,bl_quantity_mt,lc_number,status
CTR-2025000,SO-500000,SHP-700000,2025-04-25,PC-Trading-MY,CP-12,PT Nusantara Lipid,Broker-F,MAT-1001,Crude Palm Oil (CPO),3309.1,1220.43,4038524.91,TT 30 days,FOB,Westport,Karachi,Pakistan,Sea,MT Sabahan Pride,2025-05,2025-06-06,3308.9,,Open
CTR-2025001,SO-500001,SHP-700001,2025-04-06,PC-Trading-SG,CP-04,Nile Delta Vegetable Oils,Broker-C,MAT-1004,RBD Palm Oil,1670.1,743.6,1241886.36,TT advance,CIF,Lahad Datu,Istanbul,Turkey,Sea,MT Melaka Horizon,2025-04,,,,Cancelled
CTR-2025002,SO-500002,SHP-700002,2025-10-12,PC-Trading-SG,CP-13,California Biofuels Inc,Broker-G,MAT-1001,Crude Palm Oil (CPO),6996.3,1010.67,7070950.52,TT 60 days,DAP,Westport,Los Angeles,USA,Sea,MT Selangor Star,2025-11,2025-11-09,6793.6,,Open
CTR-2025003,SO-500003,SHP-700003,2025-04-05,PC-Trading-MY,CP-02,Meridian Oleo Pvt Ltd,Broker-A,MAT-1007,Palm Methyl Ester Biodiesel (B100),7774.3,1149.47,8936324.62,LC at sight,CFR,Pasir Gudang,Shanghai,China,Sea,MT Sabahan Pride,2025-05,2025-05-14,7611.7,LC-90003,Cancelled
CTR-2025004,SO-500004,SHP-700004,2025-10-28,PC-Trading-MY,CP-10,Istanbul Bitkisel Yag,Broker-E,MAT-1006,Palm Fatty Acid Distillate (PFAD),1875.5,832.55,1561447.52,LC at sight,CIF,Bintulu,Alexandria,Egypt,Sea,MT Sarawak Trader,2025-11,2025-11-17,1859.7,LC-90004,Open
CTR-2025005,SO-500005,SHP-700005,2026-01-25,PC-Refining-MY,CP-08,EuroFat Amsterdam,Broker-B,MAT-1005,Palm Kernel Oil (PKO),2684.2,1017.11,2730126.66,TT 60 days,FOB,Pasir Gudang,Colombo,Sri Lanka,Sea,MT Pahang Voyager,2026-02,2026-02-26,2642.9,,Open
CTR-2025006,SO-500006,SHP-700006,2025-06-25,PC-Trading-MY,CP-03,Rotterdam Fats & Oils BV,Broker-B,MAT-1004,RBD Palm Oil,3247.7,923.64,2999705.63,TT advance,CFR,Kuantan,Lagos,Nigeria,Sea,MT Perak Navigator,2025-07,2025-07-13,3182.7,,Open
CTR-2025007,SO-500007,SHP-700007,2025-11-20,PC-Trading-MY,CP-05,Karachi Edible Oil Co.,Broker-C,MAT-1007,Palm Methyl Ester Biodiesel (B100),4356.8,1005.45,4380544.56,TT 30 days,CFR,Westport,Kandla,India,Sea,MT Melaka Horizon,2025-12,,,,Fulfilled
CTR-2025008,SO-500008,SHP-700008,2025-05-23,PC-Trading-MY,CP-12,PT Nusantara Lipid,Broker-F,MAT-1004,RBD Palm Oil,5056.6,752.31,3804130.75,TT advance,CFR,Lahad Datu,Istanbul,Turkey,Sea,MT Melaka Horizon,2025-06,,,,Fulfilled
CTR-2025009,SO-500009,SHP-700009,2026-06-06,PC-Trading-SG,CP-02,Meridian Oleo Pvt Ltd,Broker-A,MAT-1008,Palm Kernel Expeller (PKE),7616.6,1229.38,9363695.71,TT 30 days,CIF,Port Klang,Los Angeles,USA,Sea,MT Melaka Horizon,2026-06,2026-06-25,7504.1,,Fulfilled
CTR-2025010,SO-500010,SHP-700010,2026-04-25,PC-Trading-SG,CP-09,Lagos Vegetable Oil Ltd,Broker-E,MAT-1005,Palm Kernel Oil (PKO),1232.5,1060.54,1307115.55,TT advance,CIF,Port Klang,"West Port, Malaysia",Malaysia,Land,N/A,2026-05,2026-05-17,1203.0,,Fulfilled
CTR-2025011,SO-500011,SHP-700011,2025-06-11,PC-Refining-MY,CP-01,Ganga Agro Traders,Broker-A,MAT-1008,Palm Kernel Expeller (PKE),4213.8,670.63,2825900.69,TT advance,CFR,Bintulu,Jeddah,Saudi Arabia,Sea,MT Sabahan Pride,2025-07,2025-07-15,4141.9,,Cancelled
CTR-2025012,SO-500012,SHP-700012,2025-07-23,PC-Trading-MY,CP-06,Shanghai Huifeng Trading,Broker-D,MAT-1003,RBD Palm Stearin,5468.9,837.03,4577633.37,TT advance,CIF,Westport,Los Angeles,USA,Sea,MT Labuan Wave,2025-08,2025-08-08,5454.3,,Fulfilled
CTR-2025013,SO-500013,SHP-700013,2025-11-11,PC-Trading-MY,CP-01,Ganga Agro Traders,Broker-A,MAT-1004,RBD Palm Oil,1886.4,1231.75,2323573.2,LC at sight,CIF,Lahad Datu,Alexandria,Egypt,Sea,MT Sabahan Pride,2025-12,2025-12-30,1918.4,LC-90013,Fulfilled
CTR-2025014,SO-500014,SHP-700014,2026-05-02,PC-Trading-SG,CP-05,Karachi Edible Oil Co.,Broker-C,MAT-1003,RBD Palm Stearin,7211.2,1008.74,7274225.89,TT 30 days,DAP,Lahad Datu,Istanbul,Turkey,Sea,MT Pahang Voyager,2026-06,2026-06-05,7026.8,,Fulfilled
CTR-2025015,SO-500015,SHP-700015,2026-03-25,PC-Trading-MY,CP-02,Meridian Oleo Pvt Ltd,Broker-A,MAT-1008,Palm Kernel Expeller (PKE),1969.9,677.14,1333898.09,TT 60 days,CIF,Westport,Alexandria,Egypt,Sea,MT Pahang Voyager,2026-04,2026-04-23,1949.1,,Open
CTR-2025016,SO-500016,SHP-700016,2025-03-02,PC-Refining-MY,CP-02,Meridian Oleo Pvt Ltd,Broker-A,MAT-1004,RBD Palm Oil,2535.1,1147.24,2908368.12,LC at sight,CFR,Port Klang,Singapore,Singapore,Sea,MT Pahang Voyager,2025-04,2025-04-03,2494.7,LC-90016,Fulfilled
CTR-2025017,SO-500017,SHP-700017,2025-08-08,PC-Trading-MY,CP-12,PT Nusantara Lipid,Broker-F,MAT-1003,RBD Palm Stearin,4570.2,734.55,3357040.41,TT 30 days,DAP,Lahad Datu,Singapore,Singapore,Sea,MT Melaka Horizon,2025-09,2025-09-04,4450.1,,Open
CTR-2025018,SO-500018,SHP-700018,2026-03-18,PC-Trading-MY,CP-07,Guangzhou Oleochem Ltd,Broker-D,MAT-1006,Palm Fatty Acid Distillate (PFAD),7901.7,1113.35,8797357.69,LC at sight,CIF,Kuantan,Guangzhou,China,Sea,MT Melaka Horizon,2026-03,2026-04-23,7666.8,LC-90018,Fulfilled
CTR-2025019,SO-500019,SHP-700019,2025-07-16,PC-Trading-MY,CP-09,Lagos Vegetable Oil Ltd,Broker-E,MAT-1004,RBD Palm Oil,6616.0,1074.11,7106311.76,TT 30 days,DAP,Westport,Lagos,Nigeria,Sea,MT Labuan Wave,2025-08,2025-08-15,6672.7,,Fulfilled
CTR-2025020,SO-500020,SHP-700020,2025-04-11,PC-Trading-SG,CP-11,Chittagong Oil Refinery,Broker-C,MAT-1001,Crude Palm Oil (CPO),1055.3,865.08,912918.92,TT 30 days,CIF,Port Klang,Istanbul,Turkey,Sea,MT Melaka Horizon,2025-05,,,,Fulfilled
CTR-2025021,SO-500021,SHP-700021,2026-02-15,PC-Refining-MY,CP-03,Rotterdam Fats & Oils BV,Broker-B,MAT-1001,Crude Palm Oil (CPO),6973.3,1023.98,7140519.73,TT 60 days,DAP,Port Klang,Guangzhou,China,Sea,MT Sarawak Trader,2026-03,2026-03-29,6786.3,,Cancelled
CTR-2025022,SO-500022,SHP-700022,2026-05-14,PC-Trading-MY,CP-04,Nile Delta Vegetable Oils,Broker-C,MAT-1003,RBD Palm Stearin,2832.4,845.11,2393689.56,TT advance,CIF,Westport,Karachi,Pakistan,Sea,MT Kinabalu Spirit,2026-06,2026-06-18,2837.7,,Open
CTR-2025023,SO-500023,SHP-700023,2026-05-04,PC-Trading-MY,CP-01,Ganga Agro Traders,Broker-A,MAT-1003,RBD Palm Stearin,7154.1,933.33,6677136.15,LC at sight,FOB,Port Klang,Istanbul,Turkey,Sea,MT Pahang Voyager,2026-05,,,LC-90023,Cancelled
CTR-2025024,SO-500024,SHP-700024,2025-09-10,PC-Trading-SG,CP-10,Istanbul Bitkisel Yag,Broker-E,MAT-1001,Crude Palm Oil (CPO),5849.3,1106.47,6472074.97,TT 60 days,CFR,Kuantan,Kandla,India,Sea,MT Perak Navigator,2025-10,2025-10-10,5899.3,,Fulfilled
CTR-2025025,SO-500025,SHP-700025,2025-05-15,PC-Trading-MY,CP-08,EuroFat Amsterdam,Broker-B,MAT-1005,Palm Kernel Oil (PKO),4203.5,963.64,4050660.74,LC 90 days,CIF,Port Klang,Shanghai,China,Sea,MT Sabahan Pride,2025-05,2025-07-03,4082.7,LC-90025,Cancelled
CTR-2025026,SO-500026,SHP-700026,2025-09-29,PC-Refining-MY,CP-15,Jeddah Oils & Fats Co,Broker-E,MAT-1003,RBD Palm Stearin,1309.2,668.86,875671.51,TT 60 days,FOB,Port Klang,Shanghai,China,Sea,MT Selangor Star,2025-10,2025-11-11,1290.5,,Fulfilled
CTR-2025027,SO-500027,SHP-700027,2026-06-26,PC-Refining-MY,CP-11,Chittagong Oil Refinery,Broker-C,MAT-1001,Crude Palm Oil (CPO),4314.3,1194.54,5153603.92,LC at sight,CFR,Lahad Datu,"West Port, Malaysia",Malaysia,Sea,MT Sabahan Pride,2026-07,2026-07-17,4273.4,LC-90027,Cancelled
CTR-2025028,SO-500028,SHP-700028,2025-06-09,PC-Trading-MY,CP-05,Karachi Edible Oil Co.,Broker-C,MAT-1005,Palm Kernel Oil (PKO),6166.6,787.28,4854840.85,TT 30 days,CFR,Westport,Chittagong,Bangladesh,Sea,MT Labuan Wave,2025-07,,,,Open
CTR-2025029,SO-500029,SHP-700029,2026-03-10,PC-Refining-MY,CP-01,Ganga Agro Traders,Broker-A,MAT-1005,Palm Kernel Oil (PKO),2673.1,746.73,1996083.96,TT 60 days,FOB,Pasir Gudang,Chennai,India,Sea,MT Labuan Wave,2026-03,2026-04-29,2700.9,,Fulfilled
CTR-2025030,SO-500030,SHP-700030,2025-01-10,PC-Trading-MY,CP-02,Meridian Oleo Pvt Ltd,Broker-A,MAT-1002,RBD Palm Olein,5250.5,1172.88,6158206.44,TT advance,FOB,Bintulu,Singapore,Singapore,Sea,MT Perak Navigator,2025-01,2025-03-01,5142.0,,Fulfilled
CTR-2025031,SO-500031,SHP-700031,2025-05-11,PC-Refining-MY,CP-05,Karachi Edible Oil Co.,Broker-C,MAT-1001,Crude Palm Oil (CPO),7194.2,973.61,7004345.06,TT 30 days,CFR,Port Klang,Shanghai,China,Sea,MT Sabahan Pride,2025-06,2025-06-17,7300.7,,Fulfilled
CTR-2025032,SO-500032,SHP-700032,2025-06-08,PC-Refining-MY,CP-14,Colombo Fats Trading,Broker-C,MAT-1004,RBD Palm Oil,2885.0,716.03,2065746.55,LC at sight,DAP,Westport,Rotterdam,Netherlands,Sea,MT Perak Navigator,2025-06,2025-07-19,2860.1,LC-90032,Fulfilled
CTR-2025033,SO-500033,SHP-700033,2025-10-01,PC-Trading-SG,CP-13,California Biofuels Inc,Broker-G,MAT-1003,RBD Palm Stearin,6635.1,1166.44,7739446.04,LC at sight,DAP,Port Klang,Jeddah,Saudi Arabia,Sea,MT Pahang Voyager,2025-11,,,LC-90033,Fulfilled
CTR-2025034,SO-500034,SHP-700034,2025-11-09,PC-Trading-SG,CP-04,Nile Delta Vegetable Oils,Broker-C,MAT-1004,RBD Palm Oil,4330.6,900.45,3899488.77,LC 90 days,FOB,Bintulu,Chennai,India,Sea,MT Sarawak Trader,2025-12,2025-11-28,4226.6,LC-90034,Fulfilled
CTR-2025035,SO-500035,SHP-700035,2026-06-06,PC-Trading-MY,CP-11,Chittagong Oil Refinery,Broker-C,MAT-1007,Palm Methyl Ester Biodiesel (B100),3032.1,1215.75,3686275.57,LC at sight,CFR,Lahad Datu,"West Port, Malaysia",Malaysia,Sea,MT Selangor Star,2026-07,2026-07-07,3019.8,LC-90035,Open
CTR-2025036,SO-500036,SHP-700036,2026-03-21,PC-Refining-MY,CP-12,PT Nusantara Lipid,Broker-F,MAT-1006,Palm Fatty Acid Distillate (PFAD),5772.6,868.18,5011655.87,TT advance,DAP,Pasir Gudang,Los Angeles,USA,Sea,MT Sabahan Pride,2026-05,2026-04-29,5877.2,,Fulfilled
CTR-2025037,SO-500037,SHP-700037,2025-09-18,PC-Refining-MY,CP-12,PT Nusantara Lipid,Broker-F,MAT-1001,Crude Palm Oil (CPO),2388.4,948.35,2265039.14,TT 60 days,FOB,Port Klang,Guangzhou,China,Sea,MT Sabahan Pride,2025-10,2025-10-24,2350.8,,Fulfilled
CTR-2025038,SO-500038,SHP-700038,2025-05-08,PC-Trading-MY,CP-09,Lagos Vegetable Oil Ltd,Broker-E,MAT-1005,Palm Kernel Oil (PKO),776.7,1015.74,788925.26,TT 60 days,DAP,Bintulu,Karachi,Pakistan,Sea,MT Sarawak Trader,2025-06,2025-06-27,755.4,,Fulfilled
CTR-2025039,SO-500039,SHP-700039,2026-03-07,PC-Trading-SG,CP-11,Chittagong Oil Refinery,Broker-C,MAT-1007,Palm Methyl Ester Biodiesel (B100),2589.8,1194.96,3094707.41,LC 90 days,CFR,Westport,Jeddah,Saudi Arabia,Sea,MT Kinabalu Spirit,2026-04,2026-04-10,2530.9,LC-90039,Fulfilled
CTR-2025040,SO-500040,SHP-700040,2026-03-17,PC-Trading-SG,CP-08,EuroFat Amsterdam,Broker-B,MAT-1006,Palm Fatty Acid Distillate (PFAD),4170.9,1241.39,5177713.55,TT advance,FOB,Kuantan,Lagos,Nigeria,Sea,MT Selangor Star,2026-04,2026-04-06,4185.9,,Cancelled
CTR-2025041,SO-500041,SHP-700041,2025-12-10,PC-Trading-MY,CP-14,Colombo Fats Trading,Broker-C,MAT-1002,RBD Palm Olein,6212.1,792.58,4923586.22,TT 30 days,CFR,Westport,Los Angeles,USA,Sea,MT Selangor Star,2026-01,2025-12-26,6140.0,,Fulfilled
CTR-2025042,SO-500042,SHP-700042,2026-05-02,PC-Trading-MY,CP-08,EuroFat Amsterdam,Broker-B,MAT-1002,RBD Palm Olein,5242.3,1030.12,5400198.08,LC 90 days,FOB,Bintulu,Guangzhou,China,Sea,MT Melaka Horizon,2026-06,2026-06-01,5108.7,LC-90042,Open
CTR-2025043,SO-500043,SHP-700043,2025-04-20,PC-Trading-SG,CP-04,Nile Delta Vegetable Oils,Broker-C,MAT-1007,Palm Methyl Ester Biodiesel (B100),6764.8,842.47,5699141.06,LC at sight,DAP,Bintulu,Rotterdam,Netherlands,Sea,MT Pahang Voyager,2025-06,2025-05-12,6575.6,LC-90043,Fulfilled
CTR-2025044,SO-500044,SHP-700044,2026-04-21,PC-Trading-SG,CP-13,California Biofuels Inc,Broker-G,MAT-1006,Palm Fatty Acid Distillate (PFAD),4931.7,1056.54,5210538.32,TT advance,DAP,Kuantan,Singapore,Singapore,Sea,MT Selangor Star,2026-05,,,,Fulfilled
CTR-2025045,SO-500045,SHP-700045,2025-09-11,PC-Refining-MY,CP-13,California Biofuels Inc,Broker-G,MAT-1005,Palm Kernel Oil (PKO),4340.7,785.9,3411356.13,TT 30 days,DAP,Lahad Datu,Los Angeles,USA,Sea,MT Labuan Wave,2025-10,2025-09-30,4248.3,,Fulfilled
CTR-2025046,SO-500046,SHP-700046,2025-08-29,PC-Refining-MY,CP-06,Shanghai Huifeng Trading,Broker-D,MAT-1005,Palm Kernel Oil (PKO),5682.0,882.04,5011751.28,TT 30 days,CIF,Lahad Datu,Shanghai,China,Sea,MT Pahang Voyager,2025-09,2025-10-07,5550.6,,Fulfilled
CTR-2025047,SO-500047,SHP-700047,2025-08-08,PC-Trading-SG,CP-07,Guangzhou Oleochem Ltd,Broker-D,MAT-1002,RBD Palm Olein,3058.0,718.08,2195888.64,LC 90 days,DAP,Pasir Gudang,Guangzhou,China,Sea,MT Pahang Voyager,2025-08,2025-09-18,3100.4,LC-90047,Cancelled
CTR-2025048,SO-500048,SHP-700048,2025-01-21,PC-Trading-MY,CP-08,EuroFat Amsterdam,Broker-B,MAT-1007,Palm Methyl Ester Biodiesel (B100),2434.6,1045.99,2546567.25,LC 90 days,CFR,Pasir Gudang,Chennai,India,Sea,MT Pahang Voyager,2025-02,2025-03-08,2429.1,LC-90048,Fulfilled
CTR-2025049,SO-500049,SHP-700049,2026-03-23,PC-Trading-MY,CP-01,Ganga Agro Traders,Broker-A,MAT-1008,Palm Kernel Expeller (PKE),4472.4,795.11,3556049.96,TT 30 days,DAP,Pasir Gudang,Guangzhou,China,Sea,MT Selangor Star,2026-05,,,,Fulfilled
CTR-2025050,SO-500050,SHP-700050,2025-01-28,PC-Trading-SG,CP-11,Chittagong Oil Refinery,Broker-C,MAT-1002,RBD Palm Olein,7229.1,1190.25,8604436.28,TT 30 days,DAP,Westport,Guangzhou,China,Sea,MT Sarawak Trader,2025-02,2025-03-08,7134.8,,Fulfilled
CTR-2025051,SO-500051,SHP-700051,2026-04-11,PC-Trading-MY,CP-06,Shanghai Huifeng Trading,Broker-D,MAT-1006,Palm Fatty Acid Distillate (PFAD),3119.1,1085.57,3386001.39,LC 90 days,CFR,Kuantan,Los Angeles,USA,Sea,MT Sabahan Pride,2026-05,2026-05-26,3163.9,LC-90051,Cancelled
CTR-2025052,SO-500052,SHP-700052,2025-02-23,PC-Refining-MY,CP-04,Nile Delta Vegetable Oils,Broker-C,MAT-1006,Palm Fatty Acid Distillate (PFAD),6349.1,1035.22,6572715.3,LC at sight,CIF,Port Klang,Colombo,Sri Lanka,Sea,MT Pahang Voyager,2025-03,,,LC-90052,Fulfilled
CTR-2025053,SO-500053,SHP-700053,2025-09-02,PC-Refining-MY,CP-08,EuroFat Amsterdam,Broker-B,MAT-1003,RBD Palm Stearin,1712.2,1189.13,2036028.39,LC 90 days,FOB,Port Klang,Colombo,Sri Lanka,Sea,MT Perak Navigator,2025-09,2025-09-27,1661.6,LC-90053,Cancelled
CTR-2025054,SO-500054,SHP-700054,2025-04-28,PC-Trading-MY,CP-05,Karachi Edible Oil Co.,Broker-C,MAT-1003,RBD Palm Stearin,1261.0,1048.1,1321654.1,TT 60 days,CIF,Lahad Datu,Kandla,India,Sea,MT Melaka Horizon,2025-06,,,,Cancelled
CTR-2025055,SO-500055,SHP-700055,2025-09-06,PC-Trading-SG,CP-12,PT Nusantara Lipid,Broker-F,MAT-1002,RBD Palm Olein,1706.1,979.24,1670681.36,TT advance,CIF,Pasir Gudang,Los Angeles,USA,Sea,MT Perak Navigator,2025-09,2025-10-25,1710.5,,Fulfilled
CTR-2025056,SO-500056,SHP-700056,2025-03-12,PC-Refining-MY,CP-01,Ganga Agro Traders,Broker-A,MAT-1006,Palm Fatty Acid Distillate (PFAD),2182.0,1077.31,2350690.42,LC at sight,DAP,Kuantan,"West Port, Malaysia",Malaysia,Land,N/A,2025-04,2025-04-25,2152.0,LC-90056,Fulfilled
CTR-2025057,SO-500057,SHP-700057,2026-03-22,PC-Trading-SG,CP-12,PT Nusantara Lipid,Broker-F,MAT-1003,RBD Palm Stearin,6098.7,1039.78,6341306.29,TT advance,CFR,Bintulu,Istanbul,Turkey,Sea,MT Labuan Wave,2026-05,2026-05-05,6116.3,,Cancelled
CTR-2025058,SO-500058,SHP-700058,2025-10-02,PC-Trading-SG,CP-14,Colombo Fats Trading,Broker-C,MAT-1006,Palm Fatty Acid Distillate (PFAD),4762.3,706.2,3363136.26,LC 90 days,CFR,Port Klang,Alexandria,Egypt,Sea,MT Labuan Wave,2025-10,2025-11-10,4682.6,LC-90058,Open
CTR-2025059,SO-500059,SHP-700059,2026-05-22,PC-Refining-MY,CP-03,Rotterdam Fats & Oils BV,Broker-B,MAT-1006,Palm Fatty Acid Distillate (PFAD),2329.9,1233.81,2874653.92,TT 60 days,CFR,Westport,Lagos,Nigeria,Sea,MT Sarawak Trader,2026-06,2026-06-23,2363.9,,Open
CTR-2025060,SO-500060,SHP-700060,2026-06-14,PC-Refining-MY,CP-02,Meridian Oleo Pvt Ltd,Broker-A,MAT-1004,RBD Palm Oil,5233.5,1126.89,5897578.82,LC 90 days,DAP,Bintulu,Alexandria,Egypt,Sea,MT Pahang Voyager,2026-07,2026-07-29,5227.5,LC-90060,Fulfilled
CTR-2025061,SO-500061,SHP-700061,2026-04-04,PC-Refining-MY,CP-02,Meridian Oleo Pvt Ltd,Broker-A,MAT-1001,Crude Palm Oil (CPO),4193.9,767.15,3217350.38,TT 30 days,DAP,Westport,Karachi,Pakistan,Sea,MT Perak Navigator,2026-05,2026-05-19,4127.0,,Cancelled
CTR-2025062,SO-500062,SHP-700062,2025-12-19,PC-Trading-MY,CP-12,PT Nusantara Lipid,Broker-F,MAT-1007,Palm Methyl Ester Biodiesel (B100),682.4,1037.28,707839.87,LC 90 days,CFR,Pasir Gudang,Istanbul,Turkey,Sea,MT Sarawak Trader,2026-01,2026-01-19,694.0,LC-90062,Open
CTR-2025063,SO-500063,SHP-700063,2025-07-17,PC-Refining-MY,CP-02,Meridian Oleo Pvt Ltd,Broker-A,MAT-1006,Palm Fatty Acid Distillate (PFAD),7654.5,1198.92,9177133.14,TT 30 days,FOB,Lahad Datu,Jeddah,Saudi Arabia,Sea,MT Labuan Wave,2025-08,2025-08-18,7430.8,,Cancelled
CTR-2025064,SO-500064,SHP-700064,2026-06-22,PC-Trading-MY,CP-02,Meridian Oleo Pvt Ltd,Broker-A,MAT-1005,Palm Kernel Oil (PKO),7462.4,906.91,6767725.18,TT 30 days,CFR,Westport,"West Port, Malaysia",Malaysia,Land,N/A,2026-07,2026-07-26,7598.1,,Cancelled
CTR-2025065,SO-500065,SHP-700065,2025-05-10,PC-Refining-MY,CP-01,Ganga Agro Traders,Broker-A,MAT-1005,Palm Kernel Oil (PKO),6897.6,826.67,5702038.99,TT 30 days,CFR,Lahad Datu,Chennai,India,Sea,MT Sabahan Pride,2025-06,2025-05-25,6984.2,,Fulfilled
CTR-2025066,SO-500066,SHP-700066,2026-04-26,PC-Trading-SG,CP-08,EuroFat Amsterdam,Broker-B,MAT-1008,Palm Kernel Expeller (PKE),2876.9,751.7,2162565.73,TT 60 days,CIF,Westport,Shanghai,China,Sea,MT Sabahan Pride,2026-06,2026-05-15,2925.3,,Fulfilled
CTR-2025067,SO-500067,SHP-700067,2025-03-17,PC-Trading-SG,CP-03,Rotterdam Fats & Oils BV,Broker-B,MAT-1001,Crude Palm Oil (CPO),5720.2,992.04,5674667.21,LC at sight,CFR,Lahad Datu,Rotterdam,Netherlands,Sea,MT Sabahan Pride,2025-04,,,LC-90067,Cancelled
CTR-2025068,SO-500068,SHP-700068,2025-08-20,PC-Refining-MY,CP-08,EuroFat Amsterdam,Broker-B,MAT-1007,Palm Methyl Ester Biodiesel (B100),5112.6,1244.03,6360227.78,TT advance,CFR,Kuantan,Singapore,Singapore,Sea,MT Sarawak Trader,2025-09,2025-09-07,5091.7,,Open
CTR-2025069,SO-500069,SHP-700069,2025-08-01,PC-Trading-MY,CP-05,Karachi Edible Oil Co.,Broker-C,MAT-1004,RBD Palm Oil,7080.3,1094.46,7749105.14,TT 30 days,FOB,Port Klang,Colombo,Sri Lanka,Sea,MT Sabahan Pride,2025-08,2025-08-26,7116.6,,Fulfilled
CTR-2025070,SO-500070,SHP-700070,2026-04-07,PC-Trading-SG,CP-05,Karachi Edible Oil Co.,Broker-C,MAT-1008,Palm Kernel Expeller (PKE),3196.2,826.16,2640572.59,TT 60 days,CFR,Westport,Chennai,India,Sea,MT Sabahan Pride,2026-05,2026-05-06,3229.8,,Cancelled
CTR-2025071,SO-500071,SHP-700071,2025-07-22,PC-Trading-MY,CP-02,Meridian Oleo Pvt Ltd,Broker-A,MAT-1007,Palm Methyl Ester Biodiesel (B100),7003.0,1197.94,8389173.82,TT 60 days,FOB,Westport,Istanbul,Turkey,Sea,MT Sabahan Pride,2025-08,2025-08-09,6968.5,,Fulfilled
CTR-2025072,SO-500072,SHP-700072,2025-10-23,PC-Trading-MY,CP-02,Meridian Oleo Pvt Ltd,Broker-A,MAT-1008,Palm Kernel Expeller (PKE),6487.2,1039.98,6746558.26,LC 90 days,CFR,Bintulu,Lagos,Nigeria,Sea,MT Labuan Wave,2025-11,2025-12-05,6550.7,LC-90072,Cancelled
CTR-2025073,SO-500073,SHP-700073,2025-02-10,PC-Refining-MY,CP-12,PT Nusantara Lipid,Broker-F,MAT-1007,Palm Methyl Ester Biodiesel (B100),7175.0,852.8,6118840.0,LC at sight,CFR,Lahad Datu,Shanghai,China,Sea,MT Pahang Voyager,2025-02,2025-02-26,6993.5,LC-90073,Fulfilled
CTR-2025074,SO-500074,SHP-700074,2025-02-11,PC-Trading-MY,CP-08,EuroFat Amsterdam,Broker-B,MAT-1003,RBD Palm Stearin,4837.1,671.57,3248451.25,TT 60 days,DAP,Bintulu,Istanbul,Turkey,Sea,MT Melaka Horizon,2025-03,2025-03-29,4823.2,,Fulfilled
CTR-2025075,SO-500075,SHP-700075,2025-12-23,PC-Trading-SG,CP-06,Shanghai Huifeng Trading,Broker-D,MAT-1007,Palm Methyl Ester Biodiesel (B100),2649.1,1004.5,2661020.95,TT 30 days,CIF,Bintulu,Shanghai,China,Sea,MT Melaka Horizon,2026-01,,,,Fulfilled
CTR-2025076,SO-500076,SHP-700076,2025-02-07,PC-Trading-SG,CP-02,Meridian Oleo Pvt Ltd,Broker-A,MAT-1008,Palm Kernel Expeller (PKE),780.1,1143.56,892091.16,LC at sight,CFR,Pasir Gudang,Shanghai,China,Sea,MT Kinabalu Spirit,2025-03,2025-03-28,761.7,LC-90076,Fulfilled
CTR-2025077,SO-500077,SHP-700077,2025-02-25,PC-Refining-MY,CP-09,Lagos Vegetable Oil Ltd,Broker-E,MAT-1004,RBD Palm Oil,4416.8,1112.0,4911481.6,LC 90 days,DAP,Lahad Datu,Shanghai,China,Sea,MT Pahang Voyager,2025-03,2025-03-29,4421.9,LC-90077,Fulfilled
CTR-2025078,SO-500078,SHP-700078,2025-10-22,PC-Refining-MY,CP-15,Jeddah Oils & Fats Co,Broker-E,MAT-1008,Palm Kernel Expeller (PKE),1140.1,681.01,776419.5,LC at sight,CIF,Kuantan,Jeddah,Saudi Arabia,Sea,MT Selangor Star,2025-11,2025-11-25,1136.7,LC-90078,Open
CTR-2025079,SO-500079,SHP-700079,2026-02-22,PC-Refining-MY,CP-04,Nile Delta Vegetable Oils,Broker-C,MAT-1002,RBD Palm Olein,5280.7,1085.65,5732991.96,LC at sight,DAP,Port Klang,"West Port, Malaysia",Malaysia,Sea,MT Sarawak Trader,2026-04,2026-04-10,5258.6,LC-90079,Fulfilled
CTR-2025080,SO-500080,SHP-700080,2026-03-02,PC-Trading-SG,CP-08,EuroFat Amsterdam,Broker-B,MAT-1008,Palm Kernel Expeller (PKE),2922.2,1127.11,3293640.84,LC 90 days,FOB,Kuantan,Alexandria,Egypt,Sea,MT Selangor Star,2026-03,2026-03-21,2898.7,LC-90080,Fulfilled
CTR-2025081,SO-500081,SHP-700081,2025-12-15,PC-Refining-MY,CP-14,Colombo Fats Trading,Broker-C,MAT-1005,Palm Kernel Oil (PKO),1088.4,665.21,724014.56,TT advance,CFR,Pasir Gudang,Chennai,India,Sea,MT Selangor Star,2026-01,2026-01-27,1101.2,,Fulfilled
CTR-2025082,SO-500082,SHP-700082,2025-12-20,PC-Refining-MY,CP-09,Lagos Vegetable Oil Ltd,Broker-E,MAT-1006,Palm Fatty Acid Distillate (PFAD),5719.8,895.37,5121337.33,LC 90 days,DAP,Lahad Datu,Los Angeles,USA,Sea,MT Pahang Voyager,2026-01,2026-01-19,5592.9,LC-90082,Fulfilled
CTR-2025083,SO-500083,SHP-700083,2025-08-28,PC-Trading-MY,CP-01,Ganga Agro Traders,Broker-A,MAT-1007,Palm Methyl Ester Biodiesel (B100),2376.8,979.54,2328170.67,LC 90 days,DAP,Bintulu,Shanghai,China,Sea,MT Selangor Star,2025-10,2025-10-13,2384.0,LC-90083,Fulfilled
CTR-2025084,SO-500084,SHP-700084,2026-05-30,PC-Trading-SG,CP-14,Colombo Fats Trading,Broker-C,MAT-1006,Palm Fatty Acid Distillate (PFAD),2599.5,1222.92,3178980.54,TT advance,CIF,Kuantan,Kandla,India,Sea,MT Kinabalu Spirit,2026-07,2026-06-23,2593.6,,Fulfilled
CTR-2025085,SO-500085,SHP-700085,2025-03-18,PC-Refining-MY,CP-13,California Biofuels Inc,Broker-G,MAT-1008,Palm Kernel Expeller (PKE),5087.9,901.76,4588064.7,LC at sight,DAP,Pasir Gudang,Karachi,Pakistan,Sea,MT Melaka Horizon,2025-04,2025-04-22,5025.8,LC-90085,Fulfilled
CTR-2025086,SO-500086,SHP-700086,2025-02-06,PC-Refining-MY,CP-04,Nile Delta Vegetable Oils,Broker-C,MAT-1002,RBD Palm Olein,6183.8,658.64,4072898.03,TT 30 days,CFR,Bintulu,Colombo,Sri Lanka,Sea,MT Melaka Horizon,2025-02,,,,Open
CTR-2025087,SO-500087,SHP-700087,2026-03-31,PC-Trading-SG,CP-12,PT Nusantara Lipid,Broker-F,MAT-1003,RBD Palm Stearin,845.0,674.44,569901.8,TT 60 days,CIF,Port Klang,Karachi,Pakistan,Sea,MT Sarawak Trader,2026-04,2026-05-07,849.4,,Fulfilled
CTR-2025088,SO-500088,SHP-700088,2025-05-30,PC-Refining-MY,CP-09,Lagos Vegetable Oil Ltd,Broker-E,MAT-1004,RBD Palm Oil,4056.3,708.7,2874699.81,TT 30 days,FOB,Lahad Datu,Guangzhou,China,Sea,MT Sabahan Pride,2025-06,2025-07-08,4030.6,,Fulfilled
CTR-2025089,SO-500089,SHP-700089,2026-05-25,PC-Trading-SG,CP-04,Nile Delta Vegetable Oils,Broker-C,MAT-1003,RBD Palm Stearin,1799.0,910.31,1637647.69,LC 90 days,CFR,Bintulu,Lagos,Nigeria,Sea,MT Kinabalu Spirit,2026-06,2026-07-08,1800.4,LC-90089,Cancelled
CTR-2025090,SO-500090,SHP-700090,2025-06-11,PC-Trading-MY,CP-08,EuroFat Amsterdam,Broker-B,MAT-1002,RBD Palm Olein,5263.2,677.18,3564133.78,LC 90 days,CFR,Lahad Datu,Shanghai,China,Sea,MT Labuan Wave,2025-07,2025-07-15,5270.0,LC-90090,Fulfilled
CTR-2025091,SO-500091,SHP-700091,2026-05-10,PC-Refining-MY,CP-04,Nile Delta Vegetable Oils,Broker-C,MAT-1002,RBD Palm Olein,4273.5,1163.89,4973883.92,TT advance,CFR,Lahad Datu,Guangzhou,China,Sea,MT Sarawak Trader,2026-06,2026-05-26,4180.1,,Fulfilled
CTR-2025092,SO-500092,SHP-700092,2025-10-09,PC-Refining-MY,CP-10,Istanbul Bitkisel Yag,Broker-E,MAT-1001,Crude Palm Oil (CPO),1029.3,1035.45,1065788.69,TT advance,CIF,Bintulu,"West Port, Malaysia",Malaysia,Land,N/A,2025-11,,,,Fulfilled
CTR-2025093,SO-500093,SHP-700093,2025-08-13,PC-Trading-MY,CP-10,Istanbul Bitkisel Yag,Broker-E,MAT-1004,RBD Palm Oil,4893.3,1214.14,5941151.26,LC at sight,FOB,Bintulu,Karachi,Pakistan,Sea,MT Sarawak Trader,2025-08,2025-09-25,4841.5,LC-90093,Cancelled
CTR-2025094,SO-500094,SHP-700094,2026-01-09,PC-Refining-MY,CP-02,Meridian Oleo Pvt Ltd,Broker-A,MAT-1003,RBD Palm Stearin,5324.7,924.95,4925081.26,LC 90 days,CFR,Pasir Gudang,Singapore,Singapore,Sea,MT Pahang Voyager,2026-01,2026-02-01,5415.6,LC-90094,Fulfilled
CTR-2025095,SO-500095,SHP-700095,2026-06-28,PC-Trading-MY,CP-14,Colombo Fats Trading,Broker-C,MAT-1005,Palm Kernel Oil (PKO),3395.8,1226.71,4165661.82,TT 60 days,DAP,Pasir Gudang,Rotterdam,Netherlands,Sea,MT Sabahan Pride,2026-07,2026-08-11,3327.2,,Fulfilled
CTR-2025096,SO-500096,SHP-700096,2025-08-20,PC-Refining-MY,CP-14,Colombo Fats Trading,Broker-C,MAT-1007,Palm Methyl Ester Biodiesel (B100),1020.2,710.47,724821.49,LC at sight,CFR,Lahad Datu,Los Angeles,USA,Sea,MT Kinabalu Spirit,2025-09,,,LC-90096,Open
CTR-2025097,SO-500097,SHP-700097,2026-04-11,PC-Refining-MY,CP-11,Chittagong Oil Refinery,Broker-C,MAT-1006,Palm Fatty Acid Distillate (PFAD),1208.3,1059.8,1280556.34,TT advance,CFR,Bintulu,Jeddah,Saudi Arabia,Sea,MT Perak Navigator,2026-05,,,,Fulfilled
CTR-2025098,SO-500098,SHP-700098,2026-04-28,PC-Refining-MY,CP-10,Istanbul Bitkisel Yag,Broker-E,MAT-1001,Crude Palm Oil (CPO),2892.3,1156.93,3346188.64,TT advance,CFR,Lahad Datu,Singapore,Singapore,Sea,MT Sabahan Pride,2026-05,,,,Fulfilled
CTR-2025099,SO-500099,SHP-700099,2026-02-23,PC-Refining-MY,CP-03,Rotterdam Fats & Oils BV,Broker-B,MAT-1002,RBD Palm Olein,6608.5,819.11,5413088.44,LC 90 days,CFR,Port Klang,Chennai,India,Sea,MT Sabahan Pride,2026-03,,,LC-90099,Fulfilled
CTR-2025100,SO-500100,SHP-700100,2026-02-02,PC-Trading-SG,CP-06,Shanghai Huifeng Trading,Broker-D,MAT-1008,Palm Kernel Expeller (PKE),5725.5,1027.37,5882206.93,TT advance,DAP,Bintulu,Colombo,Sri Lanka,Sea,MT Melaka Horizon,2026-02,2026-02-23,5764.2,,Cancelled
CTR-2025101,SO-500101,SHP-700101,2026-02-22,PC-Trading-MY,CP-01,Ganga Agro Traders,Broker-A,MAT-1005,Palm Kernel Oil (PKO),6526.1,819.22,5346311.64,LC 90 days,FOB,Pasir Gudang,Jeddah,Saudi Arabia,Sea,MT Pahang Voyager,2026-04,2026-04-01,6575.2,LC-90101,Fulfilled
CTR-2025102,SO-500102,SHP-700102,2026-01-03,PC-Trading-MY,CP-07,Guangzhou Oleochem Ltd,Broker-D,MAT-1001,Crude Palm Oil (CPO),6551.3,1244.3,8151782.59,LC 90 days,CIF,Westport,Karachi,Pakistan,Sea,MT Pahang Voyager,2026-01,2026-01-19,6476.6,LC-90102,Fulfilled
CTR-2025103,SO-500103,SHP-700103,2025-09-07,PC-Trading-SG,CP-13,California Biofuels Inc,Broker-G,MAT-1003,RBD Palm Stearin,6323.1,854.48,5402962.49,TT advance,CIF,Westport,Chittagong,Bangladesh,Sea,MT Pahang Voyager,2025-09,2025-10-06,6404.8,,Fulfilled
CTR-2025104,SO-500104,SHP-700104,2025-01-03,PC-Trading-MY,CP-14,Colombo Fats Trading,Broker-C,MAT-1005,Palm Kernel Oil (PKO),3717.5,1100.52,4091183.1,TT 30 days,CFR,Westport,Rotterdam,Netherlands,Sea,MT Kinabalu Spirit,2025-01,2025-01-26,3625.1,,Fulfilled
CTR-2025105,SO-500105,SHP-700105,2025-09-01,PC-Trading-SG,CP-01,Ganga Agro Traders,Broker-A,MAT-1006,Palm Fatty Acid Distillate (PFAD),7269.1,953.15,6928542.67,TT 30 days,CIF,Pasir Gudang,Rotterdam,Netherlands,Sea,MT Sabahan Pride,2025-10,2025-09-20,7167.4,,Fulfilled
CTR-2025106,SO-500106,SHP-700106,2026-01-06,PC-Trading-MY,CP-08,EuroFat Amsterdam,Broker-B,MAT-1002,RBD Palm Olein,7216.4,883.52,6375833.73,TT advance,CIF,Westport,Istanbul,Turkey,Sea,MT Labuan Wave,2026-02,,,,Fulfilled
CTR-2025107,SO-500107,SHP-700107,2026-02-16,PC-Trading-MY,CP-11,Chittagong Oil Refinery,Broker-C,MAT-1007,Palm Methyl Ester Biodiesel (B100),7290.4,704.77,5138055.21,LC at sight,DAP,Kuantan,Kandla,India,Sea,MT Perak Navigator,2026-03,2026-03-12,7418.0,LC-90107,Fulfilled
CTR-2025108,SO-500108,SHP-700108,2025-10-09,PC-Refining-MY,CP-07,Guangzhou Oleochem Ltd,Broker-D,MAT-1006,Palm Fatty Acid Distillate (PFAD),7629.6,994.06,7584280.18,LC 90 days,CFR,Lahad Datu,Chittagong,Bangladesh,Sea,MT Melaka Horizon,2025-11,2025-10-30,7571.8,LC-90108,Open
CTR-2025109,SO-500109,SHP-700109,2025-08-09,PC-Refining-MY,CP-08,EuroFat Amsterdam,Broker-B,MAT-1007,Palm Methyl Ester Biodiesel (B100),2699.1,847.2,2286677.52,TT 60 days,DAP,Westport,Singapore,Singapore,Sea,MT Melaka Horizon,2025-09,2025-09-19,2719.7,,Open
CTR-2025110,SO-500110,SHP-700110,2025-11-17,PC-Trading-MY,CP-06,Shanghai Huifeng Trading,Broker-D,MAT-1007,Palm Methyl Ester Biodiesel (B100),6436.8,1123.77,7233482.74,TT 30 days,CFR,Pasir Gudang,Colombo,Sri Lanka,Sea,MT Sabahan Pride,2025-12,,,,Open
CTR-2025111,SO-500111,SHP-700111,2026-03-19,PC-Trading-SG,CP-12,PT Nusantara Lipid,Broker-F,MAT-1002,RBD Palm Olein,4208.2,684.54,2880681.23,TT advance,FOB,Pasir Gudang,Jeddah,Saudi Arabia,Sea,MT Perak Navigator,2026-04,2026-04-10,4174.9,,Fulfilled
CTR-2025112,SO-500112,SHP-700112,2026-03-10,PC-Refining-MY,CP-05,Karachi Edible Oil Co.,Broker-C,MAT-1001,Crude Palm Oil (CPO),7157.8,860.55,6159644.79,LC at sight,CFR,Pasir Gudang,Chittagong,Bangladesh,Sea,MT Pahang Voyager,2026-04,,,LC-90112,Fulfilled
CTR-2025113,SO-500113,SHP-700113,2025-08-18,PC-Refining-MY,CP-06,Shanghai Huifeng Trading,Broker-D,MAT-1002,RBD Palm Olein,1572.4,1106.91,1740505.28,LC at sight,CFR,Lahad Datu,"West Port, Malaysia",Malaysia,Land,N/A,2025-09,2025-09-29,1533.2,LC-90113,Cancelled
CTR-2025114,SO-500114,SHP-700114,2025-01-27,PC-Trading-MY,CP-01,Ganga Agro Traders,Broker-A,MAT-1005,Palm Kernel Oil (PKO),1130.8,1070.58,1210611.86,TT 60 days,CFR,Pasir Gudang,Rotterdam,Netherlands,Sea,MT Kinabalu Spirit,2025-02,,,,Cancelled
CTR-2025115,SO-500115,SHP-700115,2026-02-15,PC-Trading-SG,CP-03,Rotterdam Fats & Oils BV,Broker-B,MAT-1002,RBD Palm Olein,6664.0,1073.75,7155470.0,LC at sight,CIF,Bintulu,Jeddah,Saudi Arabia,Sea,MT Pahang Voyager,2026-03,,,LC-90115,Fulfilled
CTR-2025116,SO-500116,SHP-700116,2025-12-16,PC-Trading-MY,CP-06,Shanghai Huifeng Trading,Broker-D,MAT-1003,RBD Palm Stearin,1136.3,1241.98,1411261.87,TT advance,CFR,Bintulu,Karachi,Pakistan,Sea,MT Kinabalu Spirit,2025-12,2026-01-09,1123.3,,Cancelled
CTR-2025117,SO-500117,SHP-700117,2025-02-20,PC-Trading-MY,CP-05,Karachi Edible Oil Co.,Broker-C,MAT-1002,RBD Palm Olein,6596.0,1218.35,8036236.6,LC 90 days,DAP,Bintulu,Lagos,Nigeria,Sea,MT Melaka Horizon,2025-03,2025-03-24,6646.6,LC-90117,Cancelled
CTR-2025118,SO-500118,SHP-700118,2025-04-27,PC-Trading-SG,CP-07,Guangzhou Oleochem Ltd,Broker-D,MAT-1006,Palm Fatty Acid Distillate (PFAD),3321.9,700.1,2325662.19,TT advance,DAP,Pasir Gudang,Kandla,India,Sea,MT Kinabalu Spirit,2025-05,2025-05-26,3315.0,,Cancelled
CTR-2025119,SO-500119,SHP-700119,2025-02-26,PC-Trading-MY,CP-04,Nile Delta Vegetable Oils,Broker-C,MAT-1001,Crude Palm Oil (CPO),3681.7,1193.81,4395250.28,TT 60 days,FOB,Westport,Karachi,Pakistan,Sea,MT Perak Navigator,2025-03,,,,Fulfilled
CTR-2025120,SO-500120,SHP-700120,2026-03-17,PC-Trading-SG,CP-03,Rotterdam Fats & Oils BV,Broker-B,MAT-1003,RBD Palm Stearin,4194.7,656.81,2755120.91,TT advance,FOB,Lahad Datu,Guangzhou,China,Sea,MT Perak Navigator,2026-05,2026-04-05,4080.7,,Open
CTR-2025121,SO-500121,SHP-700121,2026-03-23,PC-Trading-SG,CP-08,EuroFat Amsterdam,Broker-B,MAT-1001,Crude Palm Oil (CPO),1391.1,720.52,1002315.37,TT advance,CFR,Port Klang,Singapore,Singapore,Sea,MT Melaka Horizon,2026-04,2026-05-03,1401.3,,Open
CTR-2025122,SO-500122,SHP-700122,2026-02-19,PC-Trading-MY,CP-06,Shanghai Huifeng Trading,Broker-D,MAT-1001,Crude Palm Oil (CPO),4875.3,1227.3,5983455.69,TT 60 days,DAP,Lahad Datu,Rotterdam,Netherlands,Sea,MT Melaka Horizon,2026-03,2026-03-12,4798.7,,Fulfilled
CTR-2025123,SO-500123,SHP-700123,2026-02-15,PC-Refining-MY,CP-07,Guangzhou Oleochem Ltd,Broker-D,MAT-1002,RBD Palm Olein,7014.5,784.16,5500490.32,TT 30 days,CFR,Pasir Gudang,"West Port, Malaysia",Malaysia,Land,N/A,2026-03,2026-03-06,6808.3,,Open
CTR-2025124,SO-500124,SHP-700124,2026-06-28,PC-Trading-SG,CP-15,Jeddah Oils & Fats Co,Broker-E,MAT-1004,RBD Palm Oil,7774.1,675.9,5254514.19,TT 30 days,CFR,Pasir Gudang,Los Angeles,USA,Sea,MT Sabahan Pride,2026-07,2026-07-22,7746.0,,Fulfilled
CTR-2025125,SO-500125,SHP-700125,2025-06-27,PC-Refining-MY,CP-13,California Biofuels Inc,Broker-G,MAT-1003,RBD Palm Stearin,7947.2,694.28,5517582.02,TT 30 days,CIF,Bintulu,Los Angeles,USA,Sea,MT Labuan Wave,2025-08,2025-08-09,8093.9,,Cancelled
CTR-2025126,SO-500126,SHP-700126,2025-11-27,PC-Trading-SG,CP-03,Rotterdam Fats & Oils BV,Broker-B,MAT-1006,Palm Fatty Acid Distillate (PFAD),4423.2,1027.64,4545457.25,LC 90 days,DAP,Port Klang,Lagos,Nigeria,Sea,MT Sarawak Trader,2025-12,2025-12-15,4391.0,LC-90126,Cancelled
CTR-2025127,SO-500127,SHP-700127,2025-03-17,PC-Refining-MY,CP-08,EuroFat Amsterdam,Broker-B,MAT-1005,Palm Kernel Oil (PKO),5206.7,1000.59,5209771.95,TT 60 days,CIF,Port Klang,Lagos,Nigeria,Sea,MT Sabahan Pride,2025-04,2025-04-06,5062.3,,Cancelled
CTR-2025128,SO-500128,SHP-700128,2026-06-04,PC-Refining-MY,CP-08,EuroFat Amsterdam,Broker-B,MAT-1007,Palm Methyl Ester Biodiesel (B100),2607.2,1220.25,3181435.8,LC 90 days,CIF,Lahad Datu,Chittagong,Bangladesh,Sea,MT Perak Navigator,2026-06,2026-07-19,2588.4,LC-90128,Fulfilled
CTR-2025129,SO-500129,SHP-700129,2025-03-05,PC-Refining-MY,CP-02,Meridian Oleo Pvt Ltd,Broker-A,MAT-1008,Palm Kernel Expeller (PKE),5151.0,816.43,4205430.93,TT advance,CIF,Pasir Gudang,Los Angeles,USA,Sea,MT Kinabalu Spirit,2025-03,2025-04-04,5115.9,,Fulfilled
CTR-2025130,SO-500130,SHP-700130,2026-03-26,PC-Trading-MY,CP-06,Shanghai Huifeng Trading,Broker-D,MAT-1003,RBD Palm Stearin,3150.1,1000.19,3150698.52,LC 90 days,DAP,Pasir Gudang,Shanghai,China,Sea,MT Kinabalu Spirit,2026-04,,,LC-90130,Fulfilled
CTR-2025131,SO-500131,SHP-700131,2025-04-07,PC-Trading-SG,CP-05,Karachi Edible Oil Co.,Broker-C,MAT-1007,Palm Methyl Ester Biodiesel (B100),7808.0,1241.73,9695427.84,TT 60 days,FOB,Bintulu,Karachi,Pakistan,Sea,MT Selangor Star,2025-04,2025-05-14,7783.1,,Fulfilled
CTR-2025132,SO-500132,SHP-700132,2025-05-13,PC-Refining-MY,CP-05,Karachi Edible Oil Co.,Broker-C,MAT-1002,RBD Palm Olein,2821.5,1138.28,3211657.02,TT 30 days,CFR,Kuantan,Istanbul,Turkey,Sea,MT Sabahan Pride,2025-06,2025-06-24,2759.8,,Fulfilled
CTR-2025133,SO-500133,SHP-700133,2025-01-19,PC-Trading-MY,CP-05,Karachi Edible Oil Co.,Broker-C,MAT-1006,Palm Fatty Acid Distillate (PFAD),7332.0,1143.52,8384288.64,LC 90 days,CFR,Westport,Rotterdam,Netherlands,Sea,MT Pahang Voyager,2025-02,2025-02-11,7378.1,LC-90133,Open
CTR-2025134,SO-500134,SHP-700134,2025-10-30,PC-Trading-MY,CP-09,Lagos Vegetable Oil Ltd,Broker-E,MAT-1002,RBD Palm Olein,5100.6,900.95,4595385.57,TT 60 days,CIF,Lahad Datu,Los Angeles,USA,Sea,MT Melaka Horizon,2025-11,2025-11-23,5168.5,,Fulfilled
CTR-2025135,SO-500135,SHP-700135,2025-06-19,PC-Refining-MY,CP-01,Ganga Agro Traders,Broker-A,MAT-1008,Palm Kernel Expeller (PKE),839.1,665.82,558689.56,LC 90 days,FOB,Pasir Gudang,Guangzhou,China,Sea,MT Labuan Wave,2025-07,2025-07-18,847.9,LC-90135,Fulfilled
CTR-2025136,SO-500136,SHP-700136,2025-11-13,PC-Trading-SG,CP-15,Jeddah Oils & Fats Co,Broker-E,MAT-1008,Palm Kernel Expeller (PKE),7904.6,740.25,5851380.15,TT advance,CFR,Westport,"West Port, Malaysia",Malaysia,Land,N/A,2025-12,2025-12-16,7818.0,,Cancelled
CTR-2025137,SO-500137,SHP-700137,2026-06-25,PC-Trading-MY,CP-03,Rotterdam Fats & Oils BV,Broker-B,MAT-1007,Palm Methyl Ester Biodiesel (B100),7774.4,1155.27,8981531.09,TT 60 days,FOB,Westport,"West Port, Malaysia",Malaysia,Sea,MT Perak Navigator,2026-08,2026-08-14,7723.4,,Cancelled
CTR-2025138,SO-500138,SHP-700138,2025-05-08,PC-Trading-MY,CP-02,Meridian Oleo Pvt Ltd,Broker-A,MAT-1005,Palm Kernel Oil (PKO),3611.1,814.04,2939579.84,LC 90 days,CFR,Westport,Los Angeles,USA,Sea,MT Selangor Star,2025-06,,,LC-90138,Fulfilled
CTR-2025139,SO-500139,SHP-700139,2026-04-07,PC-Trading-SG,CP-15,Jeddah Oils & Fats Co,Broker-E,MAT-1006,Palm Fatty Acid Distillate (PFAD),6985.4,1137.74,7947569.0,LC 90 days,CIF,Kuantan,Chennai,India,Sea,MT Perak Navigator,2026-05,2026-05-07,7123.9,LC-90139,Open
CTR-2025140,SO-500140,SHP-700140,2026-01-19,PC-Trading-SG,CP-01,Ganga Agro Traders,Broker-A,MAT-1004,RBD Palm Oil,4665.7,1111.39,5185412.32,TT 30 days,CFR,Port Klang,Shanghai,China,Sea,MT Kinabalu Spirit,2026-02,2026-02-21,4723.9,,Fulfilled
CTR-2025141,SO-500141,SHP-700141,2026-04-26,PC-Refining-MY,CP-10,Istanbul Bitkisel Yag,Broker-E,MAT-1008,Palm Kernel Expeller (PKE),2355.1,920.33,2167469.18,TT 60 days,CIF,Port Klang,Chennai,India,Sea,MT Selangor Star,2026-05,2026-06-15,2396.8,,Cancelled
CTR-2025142,SO-500142,SHP-700142,2026-06-25,PC-Trading-SG,CP-02,Meridian Oleo Pvt Ltd,Broker-A,MAT-1007,Palm Methyl Ester Biodiesel (B100),5046.3,787.19,3972396.9,TT 60 days,FOB,Pasir Gudang,Los Angeles,USA,Sea,MT Kinabalu Spirit,2026-07,2026-07-25,5050.9,,Cancelled
CTR-2025143,SO-500143,SHP-700143,2026-04-14,PC-Trading-MY,CP-02,Meridian Oleo Pvt Ltd,Broker-A,MAT-1002,RBD Palm Olein,3186.2,718.13,2288105.81,TT advance,CIF,Kuantan,"West Port, Malaysia",Malaysia,Sea,MT Sarawak Trader,2026-05,2026-05-26,3173.5,,Cancelled
CTR-2025144,SO-500144,SHP-700144,2025-12-28,PC-Refining-MY,CP-10,Istanbul Bitkisel Yag,Broker-E,MAT-1004,RBD Palm Oil,6292.4,962.1,6053918.04,TT advance,CIF,Westport,Guangzhou,China,Sea,MT Sabahan Pride,2026-01,2026-02-14,6277.3,,Cancelled
CTR-2025145,SO-500145,SHP-700145,2026-06-04,PC-Trading-SG,CP-07,Guangzhou Oleochem Ltd,Broker-D,MAT-1001,Crude Palm Oil (CPO),4707.0,1175.99,5535384.93,LC 90 days,CIF,Kuantan,"West Port, Malaysia",Malaysia,Land,N/A,2026-06,2026-06-20,4597.3,LC-90145,Open
CTR-2025146,SO-500146,SHP-700146,2025-12-20,PC-Trading-SG,CP-12,PT Nusantara Lipid,Broker-F,MAT-1004,RBD Palm Oil,715.9,1103.08,789694.97,TT advance,CIF,Bintulu,Colombo,Sri Lanka,Sea,MT Selangor Star,2026-01,2026-01-06,719.6,,Cancelled
CTR-2025147,SO-500147,SHP-700147,2025-12-13,PC-Refining-MY,CP-14,Colombo Fats Trading,Broker-C,MAT-1003,RBD Palm Stearin,2097.2,731.82,1534772.9,LC 90 days,DAP,Bintulu,Los Angeles,USA,Sea,MT Selangor Star,2026-01,,,LC-90147,Fulfilled
CTR-2025148,SO-500148,SHP-700148,2025-02-07,PC-Trading-SG,CP-04,Nile Delta Vegetable Oils,Broker-C,MAT-1005,Palm Kernel Oil (PKO),3129.4,1003.95,3141761.13,TT 60 days,CIF,Westport,Chennai,India,Sea,MT Melaka Horizon,2025-03,2025-03-28,3104.0,,Fulfilled
CTR-2025149,SO-500149,SHP-700149,2025-02-07,PC-Trading-SG,CP-05,Karachi Edible Oil Co.,Broker-C,MAT-1004,RBD Palm Oil,7281.2,858.95,6254186.74,TT 60 days,CFR,Port Klang,Shanghai,China,Sea,MT Perak Navigator,2025-02,2025-03-21,7348.1,,Fulfilled
CTR-2025150,SO-500150,SHP-700150,2026-01-31,PC-Refining-MY,CP-03,Rotterdam Fats & Oils BV,Broker-B,MAT-1006,Palm Fatty Acid Distillate (PFAD),3474.1,1023.25,3554872.82,TT 60 days,DAP,Bintulu,Lagos,Nigeria,Sea,MT Sarawak Trader,2026-03,2026-02-20,3534.8,,Fulfilled
CTR-2025151,SO-500151,SHP-700151,2025-03-22,PC-Trading-SG,CP-10,Istanbul Bitkisel Yag,Broker-E,MAT-1007,Palm Methyl Ester Biodiesel (B100),1603.1,1205.95,1933258.45,TT 60 days,CFR,Westport,"West Port, Malaysia",Malaysia,Sea,MT Perak Navigator,2025-04,2025-04-24,1575.7,,Fulfilled
CTR-2025152,SO-500152,SHP-700152,2026-03-13,PC-Refining-MY,CP-12,PT Nusantara Lipid,Broker-F,MAT-1003,RBD Palm Stearin,3943.5,1238.02,4882131.87,LC at sight,DAP,Pasir Gudang,Lagos,Nigeria,Sea,MT Melaka Horizon,2026-04,2026-04-14,3890.0,LC-90152,Open
CTR-2025153,SO-500153,SHP-700153,2025-03-18,PC-Trading-MY,CP-06,Shanghai Huifeng Trading,Broker-D,MAT-1007,Palm Methyl Ester Biodiesel (B100),5250.5,794.09,4169369.55,LC at sight,FOB,Bintulu,Istanbul,Turkey,Sea,MT Labuan Wave,2025-04,,,LC-90153,Open
CTR-2025154,SO-500154,SHP-700154,2025-08-30,PC-Trading-SG,CP-06,Shanghai Huifeng Trading,Broker-D,MAT-1006,Palm Fatty Acid Distillate (PFAD),1466.6,726.83,1065968.88,TT advance,CIF,Lahad Datu,Guangzhou,China,Sea,MT Labuan Wave,2025-09,2025-10-07,1432.8,,Fulfilled
CTR-2025155,SO-500155,SHP-700155,2025-03-20,PC-Refining-MY,CP-09,Lagos Vegetable Oil Ltd,Broker-E,MAT-1003,RBD Palm Stearin,5306.6,759.13,4028399.26,TT 60 days,CFR,Kuantan,Shanghai,China,Sea,MT Sabahan Pride,2025-04,2025-04-05,5385.3,,Fulfilled
CTR-2025156,SO-500156,SHP-700156,2026-05-27,PC-Refining-MY,CP-15,Jeddah Oils & Fats Co,Broker-E,MAT-1007,Palm Methyl Ester Biodiesel (B100),4054.7,1050.53,4259583.99,TT 60 days,CFR,Port Klang,Istanbul,Turkey,Sea,MT Pahang Voyager,2026-07,2026-06-29,3972.0,,Fulfilled
CTR-2025157,SO-500157,SHP-700157,2025-07-24,PC-Refining-MY,CP-03,Rotterdam Fats & Oils BV,Broker-B,MAT-1002,RBD Palm Olein,806.5,751.36,605971.84,TT 30 days,DAP,Port Klang,"West Port, Malaysia",Malaysia,Land,N/A,2025-08,2025-08-28,789.4,,Fulfilled
CTR-2025158,SO-500158,SHP-700158,2025-03-08,PC-Trading-MY,CP-15,Jeddah Oils & Fats Co,Broker-E,MAT-1005,Palm Kernel Oil (PKO),1165.3,722.38,841789.41,TT 60 days,FOB,Westport,Karachi,Pakistan,Sea,MT Pahang Voyager,2025-04,2025-03-30,1142.4,,Fulfilled
CTR-2025159,SO-500159,SHP-700159,2025-08-31,PC-Trading-MY,CP-01,Ganga Agro Traders,Broker-A,MAT-1008,Palm Kernel Expeller (PKE),3232.0,952.05,3077025.6,LC 90 days,CFR,Lahad Datu,Shanghai,China,Sea,MT Selangor Star,2025-10,2025-09-20,3141.4,LC-90159,Fulfilled
CTR-2025160,SO-500160,SHP-700160,2026-02-12,PC-Trading-SG,CP-09,Lagos Vegetable Oil Ltd,Broker-E,MAT-1008,Palm Kernel Expeller (PKE),6495.6,1026.74,6669292.34,TT 30 days,CIF,Kuantan,Guangzhou,China,Sea,MT Sabahan Pride,2026-03,,,,Cancelled
CTR-2025161,SO-500161,SHP-700161,2025-12-19,PC-Trading-MY,CP-15,Jeddah Oils & Fats Co,Broker-E,MAT-1003,RBD Palm Stearin,7051.8,1202.52,8479930.54,TT 30 days,FOB,Lahad Datu,"West Port, Malaysia",Malaysia,Land,N/A,2026-01,,,,Cancelled
CTR-2025162,SO-500162,SHP-700162,2025-06-06,PC-Trading-SG,CP-03,Rotterdam Fats & Oils BV,Broker-B,MAT-1005,Palm Kernel Oil (PKO),2576.6,1133.72,2921142.95,TT 60 days,FOB,Pasir Gudang,Rotterdam,Netherlands,Sea,MT Sarawak Trader,2025-07,2025-06-26,2523.1,,Fulfilled
CTR-2025163,SO-500163,SHP-700163,2025-10-09,PC-Refining-MY,CP-11,Chittagong Oil Refinery,Broker-C,MAT-1003,RBD Palm Stearin,2070.1,872.28,1805706.83,TT advance,CIF,Lahad Datu,Karachi,Pakistan,Sea,MT Selangor Star,2025-10,2025-11-03,2072.0,,Cancelled
CTR-2025164,SO-500164,SHP-700164,2025-12-12,PC-Refining-MY,CP-14,Colombo Fats Trading,Broker-C,MAT-1001,Crude Palm Oil (CPO),3266.9,927.52,3030115.09,LC at sight,CIF,Port Klang,"West Port, Malaysia",Malaysia,Land,N/A,2026-01,2026-01-22,3174.9,LC-90164,Open
CTR-2025165,SO-500165,SHP-700165,2026-05-25,PC-Refining-MY,CP-11,Chittagong Oil Refinery,Broker-C,MAT-1005,Palm Kernel Oil (PKO),2393.3,1078.01,2580001.33,LC 90 days,FOB,Kuantan,Karachi,Pakistan,Sea,MT Labuan Wave,2026-06,2026-06-13,2382.7,LC-90165,Open
CTR-2025166,SO-500166,SHP-700166,2025-06-11,PC-Refining-MY,CP-07,Guangzhou Oleochem Ltd,Broker-D,MAT-1008,Palm Kernel Expeller (PKE),4490.9,714.3,3207849.87,TT 60 days,FOB,Kuantan,Lagos,Nigeria,Sea,MT Perak Navigator,2025-06,2025-07-16,4475.8,,Fulfilled
CTR-2025167,SO-500167,SHP-700167,2026-02-13,PC-Trading-SG,CP-13,California Biofuels Inc,Broker-G,MAT-1003,RBD Palm Stearin,2318.5,811.55,1881578.67,TT 60 days,CIF,Lahad Datu,Shanghai,China,Sea,MT Labuan Wave,2026-03,2026-03-07,2251.3,,Fulfilled
CTR-2025168,SO-500168,SHP-700168,2025-09-11,PC-Trading-SG,CP-02,Meridian Oleo Pvt Ltd,Broker-A,MAT-1003,RBD Palm Stearin,2915.6,776.87,2265042.17,TT advance,DAP,Pasir Gudang,Chennai,India,Sea,MT Pahang Voyager,2025-10,2025-10-06,2845.6,,Cancelled
CTR-2025169,SO-500169,SHP-700169,2025-11-17,PC-Trading-MY,CP-13,California Biofuels Inc,Broker-G,MAT-1004,RBD Palm Oil,7179.0,1006.16,7223222.64,LC 90 days,DAP,Kuantan,Rotterdam,Netherlands,Sea,MT Labuan Wave,2025-12,2025-12-03,7246.9,LC-90169,Fulfilled
CTR-2025170,SO-500170,SHP-700170,2026-06-02,PC-Refining-MY,CP-04,Nile Delta Vegetable Oils,Broker-C,MAT-1008,Palm Kernel Expeller (PKE),4238.3,702.15,2975922.35,LC at sight,CFR,Lahad Datu,Alexandria,Egypt,Sea,MT Sarawak Trader,2026-06,2026-07-18,4235.5,LC-90170,Fulfilled
CTR-2025171,SO-500171,SHP-700171,2025-10-20,PC-Trading-MY,CP-14,Colombo Fats Trading,Broker-C,MAT-1001,Crude Palm Oil (CPO),6090.8,909.0,5536537.2,TT 60 days,FOB,Kuantan,Kandla,India,Sea,MT Melaka Horizon,2025-11,2025-11-27,5994.5,,Fulfilled
CTR-2025172,SO-500172,SHP-700172,2025-02-22,PC-Trading-SG,CP-06,Shanghai Huifeng Trading,Broker-D,MAT-1004,RBD Palm Oil,3223.1,1037.55,3344127.4,LC 90 days,CIF,Pasir Gudang,Istanbul,Turkey,Sea,MT Labuan Wave,2025-04,2025-04-13,3183.8,LC-90172,Cancelled
CTR-2025173,SO-500173,SHP-700173,2025-05-02,PC-Refining-MY,CP-02,Meridian Oleo Pvt Ltd,Broker-A,MAT-1003,RBD Palm Stearin,7898.9,1013.46,8005219.19,TT advance,CFR,Pasir Gudang,Guangzhou,China,Sea,MT Selangor Star,2025-06,2025-05-29,7702.1,,Cancelled
CTR-2025174,SO-500174,SHP-700174,2026-02-16,PC-Refining-MY,CP-01,Ganga Agro Traders,Broker-A,MAT-1001,Crude Palm Oil (CPO),1646.4,797.57,1313119.25,LC 90 days,CFR,Westport,Chennai,India,Sea,MT Labuan Wave,2026-03,2026-03-12,1612.4,LC-90174,Cancelled
CTR-2025175,SO-500175,SHP-700175,2025-05-24,PC-Refining-MY,CP-15,Jeddah Oils & Fats Co,Broker-E,MAT-1006,Palm Fatty Acid Distillate (PFAD),2638.2,754.02,1989255.56,LC 90 days,FOB,Pasir Gudang,Chittagong,Bangladesh,Sea,MT Perak Navigator,2025-06,2025-07-10,2569.6,LC-90175,Cancelled
CTR-2025176,SO-500176,SHP-700176,2026-05-17,PC-Refining-MY,CP-08,EuroFat Amsterdam,Broker-B,MAT-1005,Palm Kernel Oil (PKO),4433.8,896.24,3973748.91,TT 60 days,CFR,Port Klang,"West Port, Malaysia",Malaysia,Sea,MT Sarawak Trader,2026-06,2026-06-02,4325.6,,Fulfilled
CTR-2025177,SO-500177,SHP-700177,2025-09-29,PC-Refining-MY,CP-12,PT Nusantara Lipid,Broker-F,MAT-1004,RBD Palm Oil,3483.9,1231.68,4291049.95,TT 30 days,DAP,Lahad Datu,Chennai,India,Sea,MT Melaka Horizon,2025-11,2025-10-23,3521.7,,Fulfilled
CTR-2025178,SO-500178,SHP-700178,2025-02-02,PC-Trading-SG,CP-04,Nile Delta Vegetable Oils,Broker-C,MAT-1002,RBD Palm Olein,2434.3,752.53,1831883.78,LC 90 days,CFR,Kuantan,Chennai,India,Sea,MT Melaka Horizon,2025-02,2025-03-02,2474.4,LC-90178,Cancelled
CTR-2025179,SO-500179,SHP-700179,2026-04-28,PC-Trading-SG,CP-12,PT Nusantara Lipid,Broker-F,MAT-1001,Crude Palm Oil (CPO),4675.7,992.97,4642829.83,TT advance,FOB,Lahad Datu,Rotterdam,Netherlands,Sea,MT Labuan Wave,2026-05,2026-06-15,4715.3,,Fulfilled
CTR-2025180,SO-500180,SHP-700180,2025-06-27,PC-Trading-SG,CP-15,Jeddah Oils & Fats Co,Broker-E,MAT-1008,Palm Kernel Expeller (PKE),1902.8,844.21,1606362.79,TT 60 days,CFR,Pasir Gudang,Istanbul,Turkey,Sea,MT Pahang Voyager,2025-08,2025-07-27,1894.0,,Cancelled
CTR-2025181,SO-500181,SHP-700181,2025-11-02,PC-Refining-MY,CP-05,Karachi Edible Oil Co.,Broker-C,MAT-1004,RBD Palm Oil,2318.1,718.9,1666482.09,LC 90 days,FOB,Pasir Gudang,Los Angeles,USA,Sea,MT Labuan Wave,2025-12,2025-12-09,2282.0,LC-90181,Fulfilled
CTR-2025182,SO-500182,SHP-700182,2025-10-22,PC-Trading-MY,CP-10,Istanbul Bitkisel Yag,Broker-E,MAT-1002,RBD Palm Olein,4859.3,742.62,3608613.37,LC 90 days,DAP,Lahad Datu,Colombo,Sri Lanka,Sea,MT Selangor Star,2025-11,2025-11-24,4842.9,LC-90182,Fulfilled
CTR-2025183,SO-500183,SHP-700183,2025-03-22,PC-Trading-SG,CP-15,Jeddah Oils & Fats Co,Broker-E,MAT-1006,Palm Fatty Acid Distillate (PFAD),888.7,851.96,757136.85,LC 90 days,CFR,Bintulu,Lagos,Nigeria,Sea,MT Pahang Voyager,2025-04,2025-05-10,864.9,LC-90183,Cancelled
CTR-2025184,SO-500184,SHP-700184,2025-10-06,PC-Trading-MY,CP-02,Meridian Oleo Pvt Ltd,Broker-A,MAT-1003,RBD Palm Stearin,7924.7,843.41,6683771.23,TT 30 days,FOB,Bintulu,Chittagong,Bangladesh,Sea,MT Pahang Voyager,2025-10,2025-11-04,7787.9,,Open
CTR-2025185,SO-500185,SHP-700185,2026-02-28,PC-Refining-MY,CP-12,PT Nusantara Lipid,Broker-F,MAT-1006,Palm Fatty Acid Distillate (PFAD),5611.3,1106.14,6206883.38,LC at sight,FOB,Port Klang,Lagos,Nigeria,Sea,MT Selangor Star,2026-04,2026-04-10,5575.3,LC-90185,Fulfilled
CTR-2025186,SO-500186,SHP-700186,2026-05-04,PC-Refining-MY,CP-13,California Biofuels Inc,Broker-G,MAT-1004,RBD Palm Oil,3588.8,859.32,3083927.62,LC at sight,CFR,Pasir Gudang,Karachi,Pakistan,Sea,MT Pahang Voyager,2026-05,2026-06-22,3630.2,LC-90186,Open
CTR-2025187,SO-500187,SHP-700187,2025-06-29,PC-Trading-MY,CP-15,Jeddah Oils & Fats Co,Broker-E,MAT-1007,Palm Methyl Ester Biodiesel (B100),7737.7,724.58,5606582.67,LC 90 days,CIF,Westport,"West Port, Malaysia",Malaysia,Land,N/A,2025-07,2025-08-01,7868.6,LC-90187,Open
CTR-2025188,SO-500188,SHP-700188,2025-11-02,PC-Refining-MY,CP-15,Jeddah Oils & Fats Co,Broker-E,MAT-1002,RBD Palm Olein,1859.2,689.9,1282662.08,TT advance,DAP,Pasir Gudang,Shanghai,China,Sea,MT Labuan Wave,2025-12,2025-11-25,1856.8,,Fulfilled
CTR-2025189,SO-500189,SHP-700189,2025-10-07,PC-Refining-MY,CP-13,California Biofuels Inc,Broker-G,MAT-1004,RBD Palm Oil,6813.7,733.86,5000301.88,LC 90 days,FOB,Pasir Gudang,Kandla,India,Sea,MT Selangor Star,2025-11,2025-10-22,6678.0,LC-90189,Fulfilled
CTR-2025190,SO-500190,SHP-700190,2025-10-30,PC-Trading-SG,CP-03,Rotterdam Fats & Oils BV,Broker-B,MAT-1004,RBD Palm Oil,1727.4,748.56,1293062.54,LC 90 days,DAP,Bintulu,Chittagong,Bangladesh,Sea,MT Perak Navigator,2025-12,2025-11-19,1733.0,LC-90190,Open
CTR-2025191,SO-500191,SHP-700191,2025-07-09,PC-Trading-SG,CP-08,EuroFat Amsterdam,Broker-B,MAT-1003,RBD Palm Stearin,4423.0,865.3,3827221.9,TT 60 days,CIF,Westport,Shanghai,China,Sea,MT Pahang Voyager,2025-08,2025-08-21,4377.1,,Fulfilled
CTR-2025192,SO-500192,SHP-700192,2025-11-06,PC-Trading-MY,CP-05,Karachi Edible Oil Co.,Broker-C,MAT-1001,Crude Palm Oil (CPO),6624.5,913.48,6051348.26,LC at sight,FOB,Pasir Gudang,Colombo,Sri Lanka,Sea,MT Labuan Wave,2025-11,2025-12-10,6579.0,LC-90192,Fulfilled
CTR-2025193,SO-500193,SHP-700193,2026-05-30,PC-Trading-SG,CP-12,PT Nusantara Lipid,Broker-F,MAT-1005,Palm Kernel Oil (PKO),2760.3,1098.57,3032382.77,TT 60 days,CFR,Bintulu,Kandla,India,Sea,MT Pahang Voyager,2026-06,2026-06-22,2709.5,,Fulfilled
CTR-2025194,SO-500194,SHP-700194,2026-04-11,PC-Refining-MY,CP-07,Guangzhou Oleochem Ltd,Broker-D,MAT-1006,Palm Fatty Acid Distillate (PFAD),7246.8,880.33,6379575.44,TT advance,DAP,Lahad Datu,Jeddah,Saudi Arabia,Sea,MT Pahang Voyager,2026-05,2026-05-01,7357.8,,Fulfilled
CTR-2025195,SO-500195,SHP-700195,2026-06-25,PC-Trading-MY,CP-02,Meridian Oleo Pvt Ltd,Broker-A,MAT-1006,Palm Fatty Acid Distillate (PFAD),5181.8,720.14,3731621.45,LC at sight,CIF,Lahad Datu,Singapore,Singapore,Sea,MT Pahang Voyager,2026-08,2026-08-13,5189.0,LC-90195,Fulfilled
CTR-2025196,SO-500196,SHP-700196,2025-12-02,PC-Trading-SG,CP-02,Meridian Oleo Pvt Ltd,Broker-A,MAT-1008,Palm Kernel Expeller (PKE),3011.8,733.56,2209336.01,LC at sight,DAP,Westport,Colombo,Sri Lanka,Sea,MT Labuan Wave,2026-01,2025-12-20,3014.8,LC-90196,Fulfilled
CTR-2025197,SO-500197,SHP-700197,2026-06-10,PC-Trading-MY,CP-08,EuroFat Amsterdam,Broker-B,MAT-1007,Palm Methyl Ester Biodiesel (B100),4501.0,1186.34,5339716.34,TT 60 days,DAP,Port Klang,Chittagong,Bangladesh,Sea,MT Melaka Horizon,2026-06,2026-07-11,4400.1,,Fulfilled
CTR-2025198,SO-500198,SHP-700198,2025-03-16,PC-Trading-MY,CP-07,Guangzhou Oleochem Ltd,Broker-D,MAT-1001,Crude Palm Oil (CPO),2837.9,799.09,2267737.51,TT advance,CIF,Bintulu,Shanghai,China,Sea,MT Sabahan Pride,2025-03,2025-04-30,2757.5,,Fulfilled
CTR-2025199,SO-500199,SHP-700199,2026-02-23,PC-Trading-SG,CP-13,California Biofuels Inc,Broker-G,MAT-1003,RBD Palm Stearin,4774.2,1107.48,5287331.02,TT 60 days,DAP,Bintulu,Rotterdam,Netherlands,Sea,MT Labuan Wave,2026-03,2026-04-03,4712.6,,Open
CTR-2025200,SO-500200,SHP-700200,2025-05-17,PC-Trading-MY,CP-02,Meridian Oleo Pvt Ltd,Broker-A,MAT-1006,Palm Fatty Acid Distillate (PFAD),6659.4,716.38,4770660.97,TT advance,DAP,Lahad Datu,Rotterdam,Netherlands,Sea,MT Pahang Voyager,2025-06,2025-06-01,6502.1,,Fulfilled
CTR-2025201,SO-500201,SHP-700201,2026-04-20,PC-Trading-MY,CP-09,Lagos Vegetable Oil Ltd,Broker-E,MAT-1007,Palm Methyl Ester Biodiesel (B100),3479.7,1128.38,3926423.89,LC 90 days,FOB,Westport,Guangzhou,China,Sea,MT Selangor Star,2026-05,2026-05-22,3415.2,LC-90201,Open
CTR-2025202,SO-500202,SHP-700202,2025-02-02,PC-Trading-SG,CP-10,Istanbul Bitkisel Yag,Broker-E,MAT-1007,Palm Methyl Ester Biodiesel (B100),5916.9,1082.02,6402204.14,TT 30 days,FOB,Port Klang,Los Angeles,USA,Sea,MT Sabahan Pride,2025-02,2025-02-19,5944.7,,Cancelled
CTR-2025203,SO-500203,SHP-700203,2025-02-19,PC-Trading-MY,CP-12,PT Nusantara Lipid,Broker-F,MAT-1004,RBD Palm Oil,4570.4,801.08,3661256.03,TT 30 days,DAP,Kuantan,Chennai,India,Sea,MT Pahang Voyager,2025-04,2025-03-09,4474.8,,Cancelled
CTR-2025204,SO-500204,SHP-700204,2025-10-24,PC-Trading-MY,CP-14,Colombo Fats Trading,Broker-C,MAT-1004,RBD Palm Oil,7313.4,1000.04,7313692.54,TT advance,CFR,Bintulu,Singapore,Singapore,Sea,MT Pahang Voyager,2025-11,2025-11-27,7262.9,,Cancelled
CTR-2025205,SO-500205,SHP-700205,2025-08-15,PC-Trading-SG,CP-05,Karachi Edible Oil Co.,Broker-C,MAT-1007,Palm Methyl Ester Biodiesel (B100),7604.6,742.01,5642689.25,LC 90 days,FOB,Port Klang,Karachi,Pakistan,Sea,MT Labuan Wave,2025-09,2025-09-02,7568.8,LC-90205,Fulfilled
CTR-2025206,SO-500206,SHP-700206,2026-06-22,PC-Trading-SG,CP-12,PT Nusantara Lipid,Broker-F,MAT-1006,Palm Fatty Acid Distillate (PFAD),5085.9,660.87,3361118.73,TT 60 days,FOB,Kuantan,Guangzhou,China,Sea,MT Selangor Star,2026-07,2026-08-10,5170.4,,Fulfilled
CTR-2025207,SO-500207,SHP-700207,2025-08-19,PC-Refining-MY,CP-14,Colombo Fats Trading,Broker-C,MAT-1005,Palm Kernel Oil (PKO),4738.5,1067.99,5060670.62,LC at sight,DAP,Westport,Jeddah,Saudi Arabia,Sea,MT Melaka Horizon,2025-10,2025-09-29,4763.9,LC-90207,Cancelled
CTR-2025208,SO-500208,SHP-700208,2025-05-18,PC-Refining-MY,CP-04,Nile Delta Vegetable Oils,Broker-C,MAT-1007,Palm Methyl Ester Biodiesel (B100),1644.0,995.77,1637045.88,LC at sight,CFR,Westport,Karachi,Pakistan,Sea,MT Perak Navigator,2025-06,2025-06-07,1629.5,LC-90208,Fulfilled
CTR-2025209,SO-500209,SHP-700209,2025-02-22,PC-Trading-MY,CP-07,Guangzhou Oleochem Ltd,Broker-D,MAT-1005,Palm Kernel Oil (PKO),6023.3,1210.62,7291927.45,LC at sight,CIF,Lahad Datu,Colombo,Sri Lanka,Sea,MT Pahang Voyager,2025-03,2025-04-08,5978.4,LC-90209,Fulfilled
CTR-2025210,SO-500210,SHP-700210,2025-11-07,PC-Trading-MY,CP-04,Nile Delta Vegetable Oils,Broker-C,MAT-1001,Crude Palm Oil (CPO),1349.3,1240.9,1674346.37,LC 90 days,CIF,Westport,Singapore,Singapore,Sea,MT Pahang Voyager,2025-12,2025-12-17,1317.2,LC-90210,Cancelled
CTR-2025211,SO-500211,SHP-700211,2025-11-26,PC-Trading-SG,CP-07,Guangzhou Oleochem Ltd,Broker-D,MAT-1005,Palm Kernel Oil (PKO),7406.3,1171.94,8679739.22,TT 60 days,CFR,Lahad Datu,Lagos,Nigeria,Sea,MT Perak Navigator,2025-12,2026-01-12,7403.1,,Fulfilled
CTR-2025212,SO-500212,SHP-700212,2025-04-11,PC-Refining-MY,CP-13,California Biofuels Inc,Broker-G,MAT-1008,Palm Kernel Expeller (PKE),3492.5,682.86,2384888.55,TT 60 days,FOB,Pasir Gudang,"West Port, Malaysia",Malaysia,Land,N/A,2025-05,2025-04-28,3527.9,,Fulfilled
CTR-2025213,SO-500213,SHP-700213,2025-05-30,PC-Trading-MY,CP-05,Karachi Edible Oil Co.,Broker-C,MAT-1001,Crude Palm Oil (CPO),534.7,850.1,454548.47,TT 60 days,DAP,Lahad Datu,Istanbul,Turkey,Sea,MT Pahang Voyager,2025-06,2025-07-05,533.0,,Fulfilled
CTR-2025214,SO-500214,SHP-700214,2025-09-09,PC-Trading-MY,CP-09,Lagos Vegetable Oil Ltd,Broker-E,MAT-1008,Palm Kernel Expeller (PKE),7398.9,857.81,6346850.41,TT 60 days,CFR,Bintulu,Colombo,Sri Lanka,Sea,MT Labuan Wave,2025-10,2025-10-23,7449.8,,Fulfilled
CTR-2025215,SO-500215,SHP-700215,2025-06-23,PC-Refining-MY,CP-12,PT Nusantara Lipid,Broker-F,MAT-1003,RBD Palm Stearin,3891.6,784.76,3053972.02,TT advance,FOB,Kuantan,Istanbul,Turkey,Sea,MT Kinabalu Spirit,2025-07,2025-07-12,3802.3,,Open
CTR-2025216,SO-500216,SHP-700216,2025-01-07,PC-Trading-SG,CP-03,Rotterdam Fats & Oils BV,Broker-B,MAT-1007,Palm Methyl Ester Biodiesel (B100),1822.9,949.02,1729968.56,LC at sight,FOB,Bintulu,"West Port, Malaysia",Malaysia,Sea,MT Pahang Voyager,2025-01,2025-02-23,1851.6,LC-90216,Fulfilled
CTR-2025217,SO-500217,SHP-700217,2025-03-03,PC-Trading-MY,CP-11,Chittagong Oil Refinery,Broker-C,MAT-1008,Palm Kernel Expeller (PKE),3218.0,998.35,3212690.3,TT advance,CIF,Port Klang,Lagos,Nigeria,Sea,MT Melaka Horizon,2025-04,2025-03-18,3123.6,,Cancelled
CTR-2025218,SO-500218,SHP-700218,2025-10-09,PC-Trading-MY,CP-01,Ganga Agro Traders,Broker-A,MAT-1005,Palm Kernel Oil (PKO),5476.5,756.82,4144724.73,TT 30 days,DAP,Bintulu,Istanbul,Turkey,Sea,MT Sabahan Pride,2025-10,2025-11-26,5352.9,,Fulfilled
CTR-2025219,SO-500219,SHP-700219,2025-07-16,PC-Refining-MY,CP-14,Colombo Fats Trading,Broker-C,MAT-1005,Palm Kernel Oil (PKO),3609.7,701.21,2531157.74,LC at sight,DAP,Pasir Gudang,Shanghai,China,Sea,MT Melaka Horizon,2025-08,2025-08-29,3592.0,LC-90219,Fulfilled
CTR-2025220,SO-500220,SHP-700220,2025-08-20,PC-Refining-MY,CP-11,Chittagong Oil Refinery,Broker-C,MAT-1005,Palm Kernel Oil (PKO),4965.4,690.25,3427367.35,LC at sight,CIF,Port Klang,"West Port, Malaysia",Malaysia,Land,N/A,2025-09,2025-09-28,4868.6,LC-90220,Fulfilled
CTR-2025221,SO-500221,SHP-700221,2025-02-27,PC-Trading-MY,CP-12,PT Nusantara Lipid,Broker-F,MAT-1001,Crude Palm Oil (CPO),7235.4,773.08,5593543.03,LC 90 days,DAP,Port Klang,Rotterdam,Netherlands,Sea,MT Sabahan Pride,2025-03,2025-04-16,7031.6,LC-90221,Fulfilled
CTR-2025222,SO-500222,SHP-700222,2025-08-05,PC-Trading-MY,CP-05,Karachi Edible Oil Co.,Broker-C,MAT-1008,Palm Kernel Expeller (PKE),4040.5,988.9,3995650.45,TT advance,CFR,Port Klang,Chennai,India,Sea,MT Selangor Star,2025-08,,,,Fulfilled
CTR-2025223,SO-500223,SHP-700223,2025-05-28,PC-Trading-SG,CP-15,Jeddah Oils & Fats Co,Broker-E,MAT-1007,Palm Methyl Ester Biodiesel (B100),6316.5,921.97,5823623.5,TT advance,FOB,Pasir Gudang,Kandla,India,Sea,MT Melaka Horizon,2025-06,2025-07-16,6266.2,,Fulfilled
CTR-2025224,SO-500224,SHP-700224,2025-05-24,PC-Trading-SG,CP-09,Lagos Vegetable Oil Ltd,Broker-E,MAT-1002,RBD Palm Olein,3505.7,985.78,3455848.95,LC at sight,CIF,Pasir Gudang,Jeddah,Saudi Arabia,Sea,MT Pahang Voyager,2025-06,2025-06-12,3432.4,LC-90224,Cancelled
CTR-2025225,SO-500225,SHP-700225,2026-02-11,PC-Trading-SG,CP-01,Ganga Agro Traders,Broker-A,MAT-1006,Palm Fatty Acid Distillate (PFAD),6963.4,1217.67,8479123.28,LC 90 days,DAP,Pasir Gudang,Colombo,Sri Lanka,Sea,MT Perak Navigator,2026-03,2026-04-02,6848.8,LC-90225,Fulfilled
CTR-2025226,SO-500226,SHP-700226,2025-07-10,PC-Trading-MY,CP-02,Meridian Oleo Pvt Ltd,Broker-A,MAT-1007,Palm Methyl Ester Biodiesel (B100),5330.0,895.24,4771629.2,TT 30 days,CFR,Lahad Datu,Los Angeles,USA,Sea,MT Sabahan Pride,2025-07,,,,Fulfilled
CTR-2025227,SO-500227,SHP-700227,2025-06-07,PC-Trading-SG,CP-06,Shanghai Huifeng Trading,Broker-D,MAT-1007,Palm Methyl Ester Biodiesel (B100),1671.1,1079.58,1804086.14,LC at sight,CIF,Port Klang,Shanghai,China,Sea,MT Labuan Wave,2025-07,2025-07-15,1623.2,LC-90227,Open
CTR-2025228,SO-500228,SHP-700228,2025-05-16,PC-Refining-MY,CP-03,Rotterdam Fats & Oils BV,Broker-B,MAT-1002,RBD Palm Olein,2164.8,788.64,1707247.87,LC at sight,DAP,Kuantan,Guangzhou,China,Sea,MT Sabahan Pride,2025-05,2025-06-22,2102.0,LC-90228,Open
CTR-2025229,SO-500229,SHP-700229,2025-11-29,PC-Trading-MY,CP-01,Ganga Agro Traders,Broker-A,MAT-1007,Palm Methyl Ester Biodiesel (B100),1280.8,1129.95,1447239.96,LC at sight,DAP,Kuantan,Karachi,Pakistan,Sea,MT Pahang Voyager,2026-01,2026-01-16,1284.2,LC-90229,Fulfilled
CTR-2025230,SO-500230,SHP-700230,2025-06-23,PC-Trading-SG,CP-05,Karachi Edible Oil Co.,Broker-C,MAT-1003,RBD Palm Stearin,2286.4,709.66,1622566.62,TT 30 days,DAP,Pasir Gudang,Karachi,Pakistan,Sea,MT Selangor Star,2025-07,2025-08-04,2300.4,,Fulfilled
CTR-2025231,SO-500231,SHP-700231,2025-11-03,PC-Trading-MY,CP-13,California Biofuels Inc,Broker-G,MAT-1008,Palm Kernel Expeller (PKE),6917.7,1148.13,7942418.9,TT 30 days,CFR,Pasir Gudang,Kandla,India,Sea,MT Pahang Voyager,2025-12,2025-12-17,6941.2,,Fulfilled
CTR-2025232,SO-500232,SHP-700232,2025-11-08,PC-Refining-MY,CP-07,Guangzhou Oleochem Ltd,Broker-D,MAT-1001,Crude Palm Oil (CPO),2037.4,825.89,1682668.29,TT 60 days,DAP,Lahad Datu,Shanghai,China,Sea,MT Perak Navigator,2025-12,2025-12-20,1977.6,,Cancelled
CTR-2025233,SO-500233,SHP-700233,2025-05-20,PC-Trading-SG,CP-06,Shanghai Huifeng Trading,Broker-D,MAT-1005,Palm Kernel Oil (PKO),1141.3,774.73,884199.35,LC 90 days,FOB,Bintulu,Chittagong,Bangladesh,Sea,MT Selangor Star,2025-06,,,LC-90233,Fulfilled
CTR-2025234,SO-500234,SHP-700234,2026-05-18,PC-Trading-MY,CP-06,Shanghai Huifeng Trading,Broker-D,MAT-1004,RBD Palm Oil,1860.8,999.82,1860465.06,TT 60 days,DAP,Pasir Gudang,Guangzhou,China,Sea,MT Pahang Voyager,2026-06,2026-07-06,1888.0,,Cancelled
CTR-2025235,SO-500235,SHP-700235,2025-01-28,PC-Refining-MY,CP-12,PT Nusantara Lipid,Broker-F,MAT-1008,Palm Kernel Expeller (PKE),6630.8,855.09,5669930.77,LC at sight,CFR,Kuantan,Alexandria,Egypt,Sea,MT Labuan Wave,2025-03,2025-02-20,6557.8,LC-90235,Fulfilled
CTR-2025236,SO-500236,SHP-700236,2025-09-05,PC-Refining-MY,CP-11,Chittagong Oil Refinery,Broker-C,MAT-1005,Palm Kernel Oil (PKO),4927.2,810.84,3995170.85,LC 90 days,DAP,Bintulu,Rotterdam,Netherlands,Sea,MT Labuan Wave,2025-09,2025-10-20,4880.2,LC-90236,Fulfilled
CTR-2025237,SO-500237,SHP-700237,2026-06-03,PC-Refining-MY,CP-09,Lagos Vegetable Oil Ltd,Broker-E,MAT-1007,Palm Methyl Ester Biodiesel (B100),4640.4,911.68,4230559.87,LC at sight,CIF,Pasir Gudang,Chennai,India,Sea,MT Perak Navigator,2026-06,2026-06-28,4721.2,LC-90237,Cancelled
CTR-2025238,SO-500238,SHP-700238,2025-02-15,PC-Refining-MY,CP-13,California Biofuels Inc,Broker-G,MAT-1007,Palm Methyl Ester Biodiesel (B100),6227.0,734.07,4571053.89,LC at sight,CIF,Kuantan,Shanghai,China,Sea,MT Sarawak Trader,2025-03,2025-03-16,6192.0,LC-90238,Cancelled
CTR-2025239,SO-500239,SHP-700239,2025-08-15,PC-Trading-SG,CP-06,Shanghai Huifeng Trading,Broker-D,MAT-1008,Palm Kernel Expeller (PKE),7209.1,1129.91,8145634.18,TT 60 days,FOB,Kuantan,Guangzhou,China,Sea,MT Labuan Wave,2025-08,2025-09-05,7000.9,,Fulfilled
CTR-2025240,SO-500240,SHP-700240,2025-03-29,PC-Refining-MY,CP-14,Colombo Fats Trading,Broker-C,MAT-1002,RBD Palm Olein,2515.1,974.98,2452172.2,TT 60 days,CFR,Westport,Jeddah,Saudi Arabia,Sea,MT Labuan Wave,2025-04,2025-04-26,2472.1,,Fulfilled
CTR-2025241,SO-500241,SHP-700241,2025-12-23,PC-Refining-MY,CP-02,Meridian Oleo Pvt Ltd,Broker-A,MAT-1008,Palm Kernel Expeller (PKE),1545.2,1150.96,1778463.39,TT 60 days,DAP,Bintulu,Lagos,Nigeria,Sea,MT Sarawak Trader,2026-01,2026-01-09,1539.5,,Open
CTR-2025242,SO-500242,SHP-700242,2025-01-24,PC-Trading-MY,CP-11,Chittagong Oil Refinery,Broker-C,MAT-1006,Palm Fatty Acid Distillate (PFAD),1787.6,813.38,1453998.09,TT 30 days,FOB,Bintulu,Kandla,India,Sea,MT Selangor Star,2025-03,,,,Fulfilled
CTR-2025243,SO-500243,SHP-700243,2026-03-13,PC-Refining-MY,CP-04,Nile Delta Vegetable Oils,Broker-C,MAT-1008,Palm Kernel Expeller (PKE),7357.2,720.65,5301966.18,TT 30 days,FOB,Kuantan,Los Angeles,USA,Sea,MT Melaka Horizon,2026-04,2026-03-29,7237.3,,Cancelled
CTR-2025244,SO-500244,SHP-700244,2025-07-22,PC-Refining-MY,CP-10,Istanbul Bitkisel Yag,Broker-E,MAT-1008,Palm Kernel Expeller (PKE),4656.3,1040.85,4846509.85,TT 30 days,CIF,Kuantan,Guangzhou,China,Sea,MT Sarawak Trader,2025-08,2025-08-10,4564.7,,Open
CTR-2025245,SO-500245,SHP-700245,2025-07-11,PC-Refining-MY,CP-06,Shanghai Huifeng Trading,Broker-D,MAT-1006,Palm Fatty Acid Distillate (PFAD),582.5,732.13,426465.72,TT 60 days,CIF,Kuantan,Alexandria,Egypt,Sea,MT Perak Navigator,2025-08,2025-08-19,590.5,,Fulfilled
CTR-2025246,SO-500246,SHP-700246,2025-04-27,PC-Trading-MY,CP-06,Shanghai Huifeng Trading,Broker-D,MAT-1006,Palm Fatty Acid Distillate (PFAD),4980.6,1010.31,5031949.99,TT 60 days,FOB,Kuantan,"West Port, Malaysia",Malaysia,Sea,MT Perak Navigator,2025-05,2025-05-19,4874.9,,Fulfilled
CTR-2025247,SO-500247,SHP-700247,2025-04-30,PC-Trading-MY,CP-06,Shanghai Huifeng Trading,Broker-D,MAT-1003,RBD Palm Stearin,7358.1,901.26,6631561.21,LC 90 days,DAP,Westport,Jeddah,Saudi Arabia,Sea,MT Melaka Horizon,2025-05,2025-06-11,7328.3,LC-90247,Fulfilled
CTR-2025248,SO-500248,SHP-700248,2025-06-27,PC-Trading-MY,CP-08,EuroFat Amsterdam,Broker-B,MAT-1003,RBD Palm Stearin,852.2,749.77,638953.99,TT 60 days,FOB,Westport,Karachi,Pakistan,Sea,MT Kinabalu Spirit,2025-08,2025-08-03,830.2,,Fulfilled
CTR-2025249,SO-500249,SHP-700249,2025-05-20,PC-Trading-SG,CP-14,Colombo Fats Trading,Broker-C,MAT-1004,RBD Palm Oil,5023.6,797.21,4004864.16,LC 90 days,DAP,Lahad Datu,Guangzhou,China,Sea,MT Melaka Horizon,2025-06,2025-07-02,4945.4,LC-90249,Fulfilled
CTR-2025250,SO-500250,SHP-700250,2025-03-26,PC-Trading-SG,CP-13,California Biofuels Inc,Broker-G,MAT-1001,Crude Palm Oil (CPO),3167.5,1081.43,3425429.53,LC at sight,CFR,Westport,Los Angeles,USA,Sea,MT Pahang Voyager,2025-04,2025-05-14,3162.2,LC-90250,Fulfilled
CTR-2025251,SO-500251,SHP-700251,2026-04-14,PC-Trading-MY,CP-09,Lagos Vegetable Oil Ltd,Broker-E,MAT-1008,Palm Kernel Expeller (PKE),4070.4,1048.2,4266593.28,TT 60 days,CIF,Port Klang,Istanbul,Turkey,Sea,MT Perak Navigator,2026-05,2026-06-02,4097.4,,Fulfilled
CTR-2025252,SO-500252,SHP-700252,2025-08-12,PC-Trading-SG,CP-02,Meridian Oleo Pvt Ltd,Broker-A,MAT-1007,Palm Methyl Ester Biodiesel (B100),2112.1,668.71,1412382.39,TT 60 days,FOB,Bintulu,Jeddah,Saudi Arabia,Sea,MT Labuan Wave,2025-08,2025-09-12,2111.6,,Open
CTR-2025253,SO-500253,SHP-700253,2026-03-26,PC-Refining-MY,CP-13,California Biofuels Inc,Broker-G,MAT-1002,RBD Palm Olein,885.7,947.82,839484.17,TT advance,FOB,Westport,Los Angeles,USA,Sea,MT Melaka Horizon,2026-04,2026-04-20,873.9,,Fulfilled
CTR-2025254,SO-500254,SHP-700254,2025-07-31,PC-Refining-MY,CP-13,California Biofuels Inc,Broker-G,MAT-1004,RBD Palm Oil,6281.8,713.96,4484953.93,TT advance,CFR,Lahad Datu,Chennai,India,Sea,MT Selangor Star,2025-08,,,,Fulfilled
CTR-2025255,SO-500255,SHP-700255,2025-10-24,PC-Refining-MY,CP-14,Colombo Fats Trading,Broker-C,MAT-1005,Palm Kernel Oil (PKO),5961.4,947.29,5647174.61,TT 30 days,CIF,Bintulu,Istanbul,Turkey,Sea,MT Kinabalu Spirit,2025-11,2025-11-25,5912.2,,Fulfilled
CTR-2025256,SO-500256,SHP-700256,2025-05-16,PC-Refining-MY,CP-03,Rotterdam Fats & Oils BV,Broker-B,MAT-1004,RBD Palm Oil,2348.0,1141.46,2680148.08,LC 90 days,FOB,Pasir Gudang,Jeddah,Saudi Arabia,Sea,MT Selangor Star,2025-06,2025-06-17,2359.1,LC-90256,Fulfilled
CTR-2025257,SO-500257,SHP-700257,2026-01-20,PC-Trading-SG,CP-02,Meridian Oleo Pvt Ltd,Broker-A,MAT-1008,Palm Kernel Expeller (PKE),2541.1,1004.14,2551620.15,TT advance,DAP,Port Klang,Colombo,Sri Lanka,Sea,MT Perak Navigator,2026-02,2026-03-05,2476.5,,Fulfilled
CTR-2025258,SO-500258,SHP-700258,2025-01-03,PC-Trading-SG,CP-12,PT Nusantara Lipid,Broker-F,MAT-1002,RBD Palm Olein,7379.9,732.09,5402750.99,LC at sight,CFR,Bintulu,Lagos,Nigeria,Sea,MT Melaka Horizon,2025-02,2025-01-31,7323.1,LC-90258,Fulfilled
CTR-2025259,SO-500259,SHP-700259,2026-05-22,PC-Trading-MY,CP-06,Shanghai Huifeng Trading,Broker-D,MAT-1005,Palm Kernel Oil (PKO),1888.5,975.14,1841551.89,TT advance,CFR,Pasir Gudang,"West Port, Malaysia",Malaysia,Sea,MT Perak Navigator,2026-07,2026-06-09,1901.0,,Open
CTR-2025260,SO-500260,SHP-700260,2026-04-16,PC-Refining-MY,CP-02,Meridian Oleo Pvt Ltd,Broker-A,MAT-1001,Crude Palm Oil (CPO),6549.2,1045.27,6845682.28,LC 90 days,DAP,Westport,Singapore,Singapore,Sea,MT Melaka Horizon,2026-04,2026-05-13,6630.8,LC-90260,Fulfilled
CTR-2025261,SO-500261,SHP-700261,2025-11-06,PC-Refining-MY,CP-14,Colombo Fats Trading,Broker-C,MAT-1003,RBD Palm Stearin,2372.5,943.65,2238809.62,TT 60 days,CIF,Pasir Gudang,Singapore,Singapore,Sea,MT Sabahan Pride,2025-12,2025-12-14,2418.5,,Fulfilled
CTR-2025262,SO-500262,SHP-700262,2025-02-23,PC-Trading-MY,CP-11,Chittagong Oil Refinery,Broker-C,MAT-1007,Palm Methyl Ester Biodiesel (B100),7580.4,673.66,5106612.26,LC 90 days,FOB,Bintulu,Karachi,Pakistan,Sea,MT Sabahan Pride,2025-03,2025-03-10,7703.7,LC-90262,Fulfilled
CTR-2025263,SO-500263,SHP-700263,2025-03-21,PC-Trading-SG,CP-10,Istanbul Bitkisel Yag,Broker-E,MAT-1003,RBD Palm Stearin,1854.3,990.77,1837184.81,LC at sight,DAP,Lahad Datu,Alexandria,Egypt,Sea,MT Perak Navigator,2025-03,2025-04-12,1801.8,LC-90263,Fulfilled
CTR-2025264,SO-500264,SHP-700264,2026-05-05,PC-Trading-MY,CP-04,Nile Delta Vegetable Oils,Broker-C,MAT-1002,RBD Palm Olein,5730.7,828.41,4747369.19,LC at sight,CIF,Port Klang,Guangzhou,China,Sea,MT Perak Navigator,2026-06,2026-06-08,5837.0,LC-90264,Fulfilled
CTR-2025265,SO-500265,SHP-700265,2025-05-17,PC-Refining-MY,CP-02,Meridian Oleo Pvt Ltd,Broker-A,MAT-1003,RBD Palm Stearin,7582.0,934.53,7085606.46,TT advance,CIF,Lahad Datu,Istanbul,Turkey,Sea,MT Labuan Wave,2025-06,2025-06-23,7674.7,,Fulfilled
CTR-2025266,SO-500266,SHP-700266,2025-06-05,PC-Refining-MY,CP-10,Istanbul Bitkisel Yag,Broker-E,MAT-1007,Palm Methyl Ester Biodiesel (B100),2893.3,1147.35,3319627.75,LC at sight,FOB,Kuantan,Colombo,Sri Lanka,Sea,MT Selangor Star,2025-06,,,LC-90266,Fulfilled
CTR-2025267,SO-500267,SHP-700267,2025-12-26,PC-Refining-MY,CP-06,Shanghai Huifeng Trading,Broker-D,MAT-1007,Palm Methyl Ester Biodiesel (B100),4972.0,788.01,3917985.72,TT 60 days,FOB,Westport,Los Angeles,USA,Sea,MT Pahang Voyager,2026-01,2026-02-14,4842.0,,Cancelled
CTR-2025268,SO-500268,SHP-700268,2025-10-19,PC-Trading-MY,CP-14,Colombo Fats Trading,Broker-C,MAT-1001,Crude Palm Oil (CPO),5722.2,853.92,4886301.02,TT 30 days,CFR,Bintulu,"West Port, Malaysia",Malaysia,Sea,MT Sarawak Trader,2025-11,2025-11-06,5569.2,,Fulfilled
CTR-2025269,SO-500269,SHP-700269,2026-01-31,PC-Trading-MY,CP-04,Nile Delta Vegetable Oils,Broker-C,MAT-1002,RBD Palm Olein,2864.7,973.69,2789329.74,TT advance,CIF,Bintulu,Lagos,Nigeria,Sea,MT Perak Navigator,2026-02,2026-03-07,2824.4,,Fulfilled
CTR-2025270,SO-500270,SHP-700270,2026-03-07,PC-Trading-SG,CP-09,Lagos Vegetable Oil Ltd,Broker-E,MAT-1006,Palm Fatty Acid Distillate (PFAD),5194.2,1181.59,6137414.78,LC at sight,DAP,Westport,Colombo,Sri Lanka,Sea,MT Sabahan Pride,2026-03,2026-03-22,5098.9,LC-90270,Fulfilled
CTR-2025271,SO-500271,SHP-700271,2025-02-10,PC-Trading-MY,CP-13,California Biofuels Inc,Broker-G,MAT-1001,Crude Palm Oil (CPO),683.0,1172.06,800516.98,TT advance,CFR,Lahad Datu,Guangzhou,China,Sea,MT Melaka Horizon,2025-03,,,,Cancelled
CTR-2025272,SO-500272,SHP-700272,2025-06-06,PC-Refining-MY,CP-02,Meridian Oleo Pvt Ltd,Broker-A,MAT-1005,Palm Kernel Oil (PKO),7060.3,967.36,6829851.81,TT 30 days,FOB,Port Klang,Karachi,Pakistan,Sea,MT Perak Navigator,2025-07,2025-07-16,7130.5,,Open
CTR-2025273,SO-500273,SHP-700273,2025-11-14,PC-Refining-MY,CP-12,PT Nusantara Lipid,Broker-F,MAT-1007,Palm Methyl Ester Biodiesel (B100),7984.5,860.43,6870103.33,TT 30 days,CIF,Westport,"West Port, Malaysia",Malaysia,Sea,MT Sabahan Pride,2025-12,2025-12-28,7905.4,,Cancelled
CTR-2025274,SO-500274,SHP-700274,2025-02-26,PC-Trading-MY,CP-11,Chittagong Oil Refinery,Broker-C,MAT-1005,Palm Kernel Oil (PKO),4099.1,1026.5,4207726.15,LC at sight,FOB,Bintulu,Jeddah,Saudi Arabia,Sea,MT Selangor Star,2025-03,2025-03-13,4177.8,LC-90274,Fulfilled
CTR-2025275,SO-500275,SHP-700275,2025-12-22,PC-Trading-SG,CP-03,Rotterdam Fats & Oils BV,Broker-B,MAT-1005,Palm Kernel Oil (PKO),6262.1,900.66,5640022.99,LC at sight,CFR,Westport,Shanghai,China,Sea,MT Perak Navigator,2026-01,2026-02-02,6305.2,LC-90275,Cancelled
CTR-2025276,SO-500276,SHP-700276,2025-03-07,PC-Trading-SG,CP-12,PT Nusantara Lipid,Broker-F,MAT-1005,Palm Kernel Oil (PKO),2290.8,716.28,1640854.22,LC 90 days,CIF,Bintulu,Chittagong,Bangladesh,Sea,MT Perak Navigator,2025-04,2025-03-25,2255.0,LC-90276,Cancelled
CTR-2025277,SO-500277,SHP-700277,2025-06-20,PC-Trading-MY,CP-03,Rotterdam Fats & Oils BV,Broker-B,MAT-1006,Palm Fatty Acid Distillate (PFAD),2722.3,790.16,2151052.57,TT 30 days,CIF,Port Klang,Karachi,Pakistan,Sea,MT Kinabalu Spirit,2025-08,,,,Fulfilled
CTR-2025278,SO-500278,SHP-700278,2025-02-17,PC-Trading-SG,CP-06,Shanghai Huifeng Trading,Broker-D,MAT-1008,Palm Kernel Expeller (PKE),634.1,1242.63,787951.68,LC at sight,FOB,Westport,Guangzhou,China,Sea,MT Melaka Horizon,2025-04,2025-03-18,627.3,LC-90278,Fulfilled
CTR-2025279,SO-500279,SHP-700279,2026-03-03,PC-Trading-MY,CP-05,Karachi Edible Oil Co.,Broker-C,MAT-1006,Palm Fatty Acid Distillate (PFAD),5597.4,780.95,4371289.53,LC at sight,CFR,Port Klang,"West Port, Malaysia",Malaysia,Sea,MT Pahang Voyager,2026-03,2026-04-20,5649.6,LC-90279,Fulfilled
CTR-2025280,SO-500280,SHP-700280,2025-03-12,PC-Trading-SG,CP-14,Colombo Fats Trading,Broker-C,MAT-1008,Palm Kernel Expeller (PKE),1170.6,900.55,1054183.83,LC at sight,CFR,Pasir Gudang,Karachi,Pakistan,Sea,MT Labuan Wave,2025-04,2025-03-27,1190.8,LC-90280,Fulfilled
CTR-2025281,SO-500281,SHP-700281,2025-10-26,PC-Trading-MY,CP-12,PT Nusantara Lipid,Broker-F,MAT-1005,Palm Kernel Oil (PKO),4005.5,1018.05,4077799.27,TT 60 days,DAP,Westport,Chittagong,Bangladesh,Sea,MT Pahang Voyager,2025-12,2025-12-14,4083.8,,Fulfilled
CTR-2025282,SO-500282,SHP-700282,2025-01-07,PC-Refining-MY,CP-01,Ganga Agro Traders,Broker-A,MAT-1007,Palm Methyl Ester Biodiesel (B100),2237.5,1215.64,2719994.5,LC at sight,CFR,Lahad Datu,Alexandria,Egypt,Sea,MT Kinabalu Spirit,2025-02,2025-02-15,2238.4,LC-90282,Fulfilled
CTR-2025283,SO-500283,SHP-700283,2025-04-17,PC-Trading-MY,CP-09,Lagos Vegetable Oil Ltd,Broker-E,MAT-1004,RBD Palm Oil,4345.2,788.4,3425755.68,LC at sight,DAP,Kuantan,Alexandria,Egypt,Sea,MT Sarawak Trader,2025-05,2025-05-07,4262.7,LC-90283,Fulfilled
CTR-2025284,SO-500284,SHP-700284,2026-06-17,PC-Trading-MY,CP-12,PT Nusantara Lipid,Broker-F,MAT-1007,Palm Methyl Ester Biodiesel (B100),1898.3,1117.75,2121824.82,LC at sight,DAP,Pasir Gudang,Singapore,Singapore,Sea,MT Selangor Star,2026-07,2026-07-27,1846.8,LC-90284,Cancelled
CTR-2025285,SO-500285,SHP-700285,2025-03-05,PC-Trading-SG,CP-11,Chittagong Oil Refinery,Broker-C,MAT-1007,Palm Methyl Ester Biodiesel (B100),7768.3,1180.27,9168691.44,TT 60 days,CFR,Westport,Rotterdam,Netherlands,Sea,MT Melaka Horizon,2025-04,2025-04-09,7921.7,,Fulfilled
CTR-2025286,SO-500286,SHP-700286,2025-10-06,PC-Trading-SG,CP-02,Meridian Oleo Pvt Ltd,Broker-A,MAT-1004,RBD Palm Oil,1804.2,887.75,1601678.55,TT 30 days,CIF,Westport,Alexandria,Egypt,Sea,MT Selangor Star,2025-10,2025-11-18,1812.9,,Fulfilled
CTR-2025287,SO-500287,SHP-700287,2026-02-21,PC-Trading-MY,CP-09,Lagos Vegetable Oil Ltd,Broker-E,MAT-1002,RBD Palm Olein,1654.2,1139.5,1884960.9,TT 60 days,DAP,Westport,Shanghai,China,Sea,MT Sarawak Trader,2026-04,2026-03-15,1623.1,,Fulfilled
CTR-2025288,SO-500288,SHP-700288,2025-11-08,PC-Trading-MY,CP-04,Nile Delta Vegetable Oils,Broker-C,MAT-1001,Crude Palm Oil (CPO),4527.3,1005.76,4553377.25,LC at sight,FOB,Pasir Gudang,"West Port, Malaysia",Malaysia,Sea,MT Melaka Horizon,2025-12,2025-12-25,4412.2,LC-90288,Fulfilled
CTR-2025289,SO-500289,SHP-700289,2025-09-24,PC-Trading-MY,CP-01,Ganga Agro Traders,Broker-A,MAT-1003,RBD Palm Stearin,7081.0,809.36,5731078.16,LC at sight,FOB,Kuantan,Guangzhou,China,Sea,MT Sabahan Pride,2025-11,2025-10-17,7183.2,LC-90289,Open
CTR-2025290,SO-500290,SHP-700290,2025-03-05,PC-Trading-MY,CP-03,Rotterdam Fats & Oils BV,Broker-B,MAT-1004,RBD Palm Oil,7667.4,1167.28,8950002.67,LC at sight,CFR,Kuantan,Alexandria,Egypt,Sea,MT Sabahan Pride,2025-03,2025-03-21,7688.6,LC-90290,Fulfilled
CTR-2025291,SO-500291,SHP-700291,2026-03-31,PC-Refining-MY,CP-02,Meridian Oleo Pvt Ltd,Broker-A,MAT-1003,RBD Palm Stearin,4631.4,702.19,3252122.77,LC at sight,CIF,Pasir Gudang,Singapore,Singapore,Sea,MT Kinabalu Spirit,2026-05,2026-04-25,4578.8,LC-90291,Fulfilled
CTR-2025292,SO-500292,SHP-700292,2026-02-09,PC-Trading-SG,CP-01,Ganga Agro Traders,Broker-A,MAT-1008,Palm Kernel Expeller (PKE),2448.2,1084.05,2653971.21,TT 30 days,DAP,Bintulu,Guangzhou,China,Sea,MT Pahang Voyager,2026-03,2026-03-07,2384.7,,Fulfilled
CTR-2025293,SO-500293,SHP-700293,2026-04-02,PC-Trading-SG,CP-01,Ganga Agro Traders,Broker-A,MAT-1003,RBD Palm Stearin,2151.4,1059.96,2280397.94,TT 60 days,FOB,Lahad Datu,Chittagong,Bangladesh,Sea,MT Melaka Horizon,2026-05,,,,Open
CTR-2025294,SO-500294,SHP-700294,2025-03-31,PC-Refining-MY,CP-07,Guangzhou Oleochem Ltd,Broker-D,MAT-1005,Palm Kernel Oil (PKO),6884.1,947.09,6519862.27,TT advance,FOB,Kuantan,Rotterdam,Netherlands,Sea,MT Kinabalu Spirit,2025-04,2025-05-09,6881.5,,Fulfilled
CTR-2025295,SO-500295,SHP-700295,2026-05-07,PC-Trading-SG,CP-06,Shanghai Huifeng Trading,Broker-D,MAT-1008,Palm Kernel Expeller (PKE),6685.1,858.69,5740428.52,LC 90 days,CFR,Lahad Datu,Singapore,Singapore,Sea,MT Selangor Star,2026-06,2026-05-23,6673.6,LC-90295,Cancelled
CTR-2025296,SO-500296,SHP-700296,2025-08-13,PC-Trading-MY,CP-15,Jeddah Oils & Fats Co,Broker-E,MAT-1001,Crude Palm Oil (CPO),2502.7,1177.18,2946128.39,LC 90 days,CIF,Pasir Gudang,Los Angeles,USA,Sea,MT Perak Navigator,2025-09,2025-09-11,2510.0,LC-90296,Open
CTR-2025297,SO-500297,SHP-700297,2025-09-11,PC-Trading-MY,CP-05,Karachi Edible Oil Co.,Broker-C,MAT-1004,RBD Palm Oil,6879.4,1170.38,8051512.17,TT 30 days,CIF,Bintulu,Istanbul,Turkey,Sea,MT Perak Navigator,2025-10,2025-10-07,6960.9,,Fulfilled
CTR-2025298,SO-500298,SHP-700298,2025-11-22,PC-Refining-MY,CP-15,Jeddah Oils & Fats Co,Broker-E,MAT-1006,Palm Fatty Acid Distillate (PFAD),5731.0,1058.08,6063856.48,TT advance,CFR,Port Klang,Chittagong,Bangladesh,Sea,MT Pahang Voyager,2025-12,2026-01-07,5774.8,,Fulfilled
CTR-2025299,SO-500299,SHP-700299,2025-06-29,PC-Trading-SG,CP-01,Ganga Agro Traders,Broker-A,MAT-1008,Palm Kernel Expeller (PKE),1689.5,1178.52,1991109.54,TT advance,FOB,Port Klang,Kandla,India,Sea,MT Kinabalu Spirit,2025-07,2025-08-16,1641.3,,Open
CTR-2025300,SO-500300,SHP-700300,2025-12-06,PC-Refining-MY,CP-13,California Biofuels Inc,Broker-G,MAT-1004,RBD Palm Oil,6693.6,727.32,4868389.15,TT 60 days,FOB,Pasir Gudang,Rotterdam,Netherlands,Sea,MT Kinabalu Spirit,2025-12,2025-12-30,6741.6,,Fulfilled
CTR-2025301,SO-500301,SHP-700301,2025-04-24,PC-Trading-SG,CP-02,Meridian Oleo Pvt Ltd,Broker-A,MAT-1006,Palm Fatty Acid Distillate (PFAD),1705.7,1140.78,1945828.45,TT advance,DAP,Bintulu,Shanghai,China,Sea,MT Perak Navigator,2025-05,2025-05-28,1697.8,,Fulfilled
CTR-2025302,SO-500302,SHP-700302,2025-06-11,PC-Refining-MY,CP-13,California Biofuels Inc,Broker-G,MAT-1007,Palm Methyl Ester Biodiesel (B100),547.9,822.22,450494.34,TT 30 days,CFR,Kuantan,Colombo,Sri Lanka,Sea,MT Perak Navigator,2025-07,2025-07-10,558.3,,Cancelled
CTR-2025303,SO-500303,SHP-700303,2025-06-29,PC-Refining-MY,CP-05,Karachi Edible Oil Co.,Broker-C,MAT-1007,Palm Methyl Ester Biodiesel (B100),5238.6,805.88,4221682.97,TT 30 days,CFR,Bintulu,Jeddah,Saudi Arabia,Sea,MT Kinabalu Spirit,2025-07,2025-08-08,5222.9,,Open
CTR-2025304,SO-500304,SHP-700304,2025-07-06,PC-Trading-SG,CP-15,Jeddah Oils & Fats Co,Broker-E,MAT-1006,Palm Fatty Acid Distillate (PFAD),6348.8,714.19,4534249.47,TT advance,FOB,Lahad Datu,Los Angeles,USA,Sea,MT Labuan Wave,2025-07,2025-07-30,6330.2,,Open
CTR-2025305,SO-500305,SHP-700305,2025-09-01,PC-Trading-MY,CP-06,Shanghai Huifeng Trading,Broker-D,MAT-1006,Palm Fatty Acid Distillate (PFAD),7722.4,855.12,6603578.69,TT 60 days,CIF,Bintulu,Rotterdam,Netherlands,Sea,MT Kinabalu Spirit,2025-10,2025-10-02,7850.6,,Fulfilled
CTR-2025306,SO-500306,SHP-700306,2025-03-11,PC-Trading-MY,CP-05,Karachi Edible Oil Co.,Broker-C,MAT-1006,Palm Fatty Acid Distillate (PFAD),1268.8,1212.34,1538216.99,LC at sight,CIF,Port Klang,Los Angeles,USA,Sea,MT Labuan Wave,2025-04,2025-04-21,1235.0,LC-90306,Fulfilled
CTR-2025307,SO-500307,SHP-700307,2026-05-20,PC-Trading-MY,CP-06,Shanghai Huifeng Trading,Broker-D,MAT-1007,Palm Methyl Ester Biodiesel (B100),2757.2,1074.9,2963714.28,LC 90 days,CIF,Kuantan,Istanbul,Turkey,Sea,MT Selangor Star,2026-06,,,LC-90307,Open
CTR-2025308,SO-500308,SHP-700308,2025-10-29,PC-Refining-MY,CP-06,Shanghai Huifeng Trading,Broker-D,MAT-1001,Crude Palm Oil (CPO),4866.3,857.53,4172998.24,TT 60 days,CIF,Port Klang,Karachi,Pakistan,Sea,MT Melaka Horizon,2025-11,2025-11-23,4731.4,,Open
CTR-2025309,SO-500309,SHP-700309,2025-04-06,PC-Trading-MY,CP-10,Istanbul Bitkisel Yag,Broker-E,MAT-1006,Palm Fatty Acid Distillate (PFAD),7036.5,1234.09,8683674.29,LC 90 days,CIF,Kuantan,Chittagong,Bangladesh,Sea,MT Melaka Horizon,2025-04,2025-05-01,7089.2,LC-90309,Open
CTR-2025310,SO-500310,SHP-700310,2025-12-06,PC-Trading-MY,CP-04,Nile Delta Vegetable Oils,Broker-C,MAT-1004,RBD Palm Oil,1475.6,1104.96,1630478.98,TT 60 days,CFR,Bintulu,Guangzhou,China,Sea,MT Pahang Voyager,2026-01,,,,Fulfilled
CTR-2025311,SO-500311,SHP-700311,2026-05-18,PC-Trading-MY,CP-01,Ganga Agro Traders,Broker-A,MAT-1003,RBD Palm Stearin,665.9,844.17,562132.8,LC at sight,DAP,Port Klang,Shanghai,China,Sea,MT Labuan Wave,2026-06,2026-06-14,671.6,LC-90311,Open
CTR-2025312,SO-500312,SHP-700312,2025-07-31,PC-Trading-SG,CP-11,Chittagong Oil Refinery,Broker-C,MAT-1003,RBD Palm Stearin,5624.7,917.54,5160887.24,LC at sight,DAP,Port Klang,Karachi,Pakistan,Sea,MT Melaka Horizon,2025-08,2025-09-14,5736.4,LC-90312,Fulfilled
CTR-2025313,SO-500313,SHP-700313,2025-04-04,PC-Trading-SG,CP-03,Rotterdam Fats & Oils BV,Broker-B,MAT-1007,Palm Methyl Ester Biodiesel (B100),3696.4,920.83,3403756.01,TT 30 days,CFR,Kuantan,Shanghai,China,Sea,MT Kinabalu Spirit,2025-05,2025-05-05,3732.4,,Fulfilled
CTR-2025314,SO-500314,SHP-700314,2025-09-27,PC-Refining-MY,CP-14,Colombo Fats Trading,Broker-C,MAT-1004,RBD Palm Oil,5702.6,782.46,4462056.4,TT 30 days,CIF,Lahad Datu,Karachi,Pakistan,Sea,MT Sabahan Pride,2025-10,,,,Fulfilled
CTR-2025315,SO-500315,SHP-700315,2025-08-21,PC-Trading-SG,CP-14,Colombo Fats Trading,Broker-C,MAT-1001,Crude Palm Oil (CPO),5603.7,1042.71,5843034.03,TT advance,DAP,Lahad Datu,Guangzhou,China,Sea,MT Pahang Voyager,2025-09,2025-10-05,5702.0,,Open
CTR-2025316,SO-500316,SHP-700316,2026-02-09,PC-Trading-MY,CP-09,Lagos Vegetable Oil Ltd,Broker-E,MAT-1001,Crude Palm Oil (CPO),1632.9,909.4,1484959.26,LC at sight,FOB,Lahad Datu,Chittagong,Bangladesh,Sea,MT Selangor Star,2026-03,2026-03-06,1618.2,LC-90316,Fulfilled
CTR-2025317,SO-500317,SHP-700317,2025-05-10,PC-Refining-MY,CP-07,Guangzhou Oleochem Ltd,Broker-D,MAT-1001,Crude Palm Oil (CPO),5288.9,888.56,4699504.98,TT 30 days,DAP,Bintulu,Kandla,India,Sea,MT Sarawak Trader,2025-05,2025-06-14,5390.4,,Open
CTR-2025318,SO-500318,SHP-700318,2025-03-31,PC-Refining-MY,CP-09,Lagos Vegetable Oil Ltd,Broker-E,MAT-1007,Palm Methyl Ester Biodiesel (B100),3570.0,1186.46,4235662.2,TT 60 days,CFR,Lahad Datu,Guangzhou,China,Sea,MT Labuan Wave,2025-05,2025-04-15,3500.9,,Cancelled
CTR-2025319,SO-500319,SHP-700319,2026-06-20,PC-Trading-SG,CP-02,Meridian Oleo Pvt Ltd,Broker-A,MAT-1007,Palm Methyl Ester Biodiesel (B100),733.5,1041.0,763573.5,TT advance,FOB,Westport,Guangzhou,China,Sea,MT Sabahan Pride,2026-07,2026-07-11,743.2,,Cancelled
CTR-2025320,SO-500320,SHP-700320,2025-12-19,PC-Trading-SG,CP-05,Karachi Edible Oil Co.,Broker-C,MAT-1007,Palm Methyl Ester Biodiesel (B100),4049.1,1230.92,4984118.17,TT advance,DAP,Bintulu,Guangzhou,China,Sea,MT Kinabalu Spirit,2026-01,2026-01-14,4103.5,,Fulfilled
CTR-2025321,SO-500321,SHP-700321,2025-05-28,PC-Trading-MY,CP-01,Ganga Agro Traders,Broker-A,MAT-1007,Palm Methyl Ester Biodiesel (B100),6324.5,1112.55,7036322.47,LC at sight,FOB,Pasir Gudang,Guangzhou,China,Sea,MT Sarawak Trader,2025-07,2025-07-05,6375.4,LC-90321,Fulfilled
CTR-2025322,SO-500322,SHP-700322,2025-11-07,PC-Trading-SG,CP-05,Karachi Edible Oil Co.,Broker-C,MAT-1005,Palm Kernel Oil (PKO),5196.7,728.75,3787095.12,TT 30 days,CIF,Kuantan,"West Port, Malaysia",Malaysia,Sea,MT Labuan Wave,2025-12,,,,Fulfilled
CTR-2025323,SO-500323,SHP-700323,2025-04-02,PC-Trading-MY,CP-08,EuroFat Amsterdam,Broker-B,MAT-1004,RBD Palm Oil,7406.4,1019.99,7554453.94,TT advance,DAP,Kuantan,Alexandria,Egypt,Sea,MT Kinabalu Spirit,2025-05,2025-05-19,7362.5,,Open
CTR-2025324,SO-500324,SHP-700324,2025-11-15,PC-Trading-MY,CP-03,Rotterdam Fats & Oils BV,Broker-B,MAT-1007,Palm Methyl Ester Biodiesel (B100),1379.8,725.11,1000506.78,TT 30 days,CIF,Lahad Datu,Los Angeles,USA,Sea,MT Pahang Voyager,2025-12,2025-12-03,1368.1,,Open
CTR-2025325,SO-500325,SHP-700325,2026-04-13,PC-Trading-SG,CP-15,Jeddah Oils & Fats Co,Broker-E,MAT-1001,Crude Palm Oil (CPO),2003.9,944.96,1893605.34,TT 60 days,FOB,Bintulu,Shanghai,China,Sea,MT Labuan Wave,2026-05,,,,Open
CTR-2025326,SO-500326,SHP-700326,2025-02-01,PC-Trading-MY,CP-06,Shanghai Huifeng Trading,Broker-D,MAT-1004,RBD Palm Oil,4864.8,811.4,3947298.72,TT 30 days,DAP,Lahad Datu,Lagos,Nigeria,Sea,MT Perak Navigator,2025-03,2025-03-10,4794.3,,Fulfilled
CTR-2025327,SO-500327,SHP-700327,2025-04-03,PC-Refining-MY,CP-01,Ganga Agro Traders,Broker-A,MAT-1005,Palm Kernel Oil (PKO),3914.2,656.97,2571511.97,TT advance,FOB,Port Klang,Guangzhou,China,Sea,MT Pahang Voyager,2025-04,,,,Fulfilled
CTR-2025328,SO-500328,SHP-700328,2025-10-03,PC-Trading-MY,CP-09,Lagos Vegetable Oil Ltd,Broker-E,MAT-1007,Palm Methyl Ester Biodiesel (B100),3443.7,937.96,3230052.85,LC 90 days,CIF,Bintulu,Chennai,India,Sea,MT Selangor Star,2025-10,2025-10-18,3390.6,LC-90328,Fulfilled
CTR-2025329,SO-500329,SHP-700329,2025-11-09,PC-Trading-SG,CP-07,Guangzhou Oleochem Ltd,Broker-D,MAT-1005,Palm Kernel Oil (PKO),5712.4,1166.07,6661058.27,LC 90 days,CFR,Kuantan,Singapore,Singapore,Sea,MT Pahang Voyager,2025-12,2025-12-23,5552.3,LC-90329,Cancelled
CTR-2025330,SO-500330,SHP-700330,2026-02-11,PC-Trading-SG,CP-01,Ganga Agro Traders,Broker-A,MAT-1002,RBD Palm Olein,4103.8,712.96,2925845.25,TT advance,CFR,Bintulu,Istanbul,Turkey,Sea,MT Sarawak Trader,2026-03,2026-03-04,4183.1,,Open
CTR-2025331,SO-500331,SHP-700331,2025-12-11,PC-Trading-MY,CP-11,Chittagong Oil Refinery,Broker-C,MAT-1005,Palm Kernel Oil (PKO),1568.7,949.33,1489213.97,TT 60 days,CFR,Pasir Gudang,Shanghai,China,Sea,MT Selangor Star,2026-01,2026-01-28,1576.7,,Open
CTR-2025332,SO-500332,SHP-700332,2026-02-18,PC-Trading-SG,CP-11,Chittagong Oil Refinery,Broker-C,MAT-1006,Palm Fatty Acid Distillate (PFAD),4697.4,655.86,3080836.76,LC 90 days,CIF,Bintulu,Rotterdam,Netherlands,Sea,MT Sarawak Trader,2026-03,2026-03-31,4678.1,LC-90332,Fulfilled
CTR-2025333,SO-500333,SHP-700333,2025-02-06,PC-Trading-SG,CP-06,Shanghai Huifeng Trading,Broker-D,MAT-1004,RBD Palm Oil,1159.0,860.38,997180.42,TT advance,FOB,Bintulu,Jeddah,Saudi Arabia,Sea,MT Perak Navigator,2025-03,,,,Fulfilled
CTR-2025334,SO-500334,SHP-700334,2025-07-05,PC-Trading-MY,CP-02,Meridian Oleo Pvt Ltd,Broker-A,MAT-1005,Palm Kernel Oil (PKO),1089.3,888.15,967461.79,TT advance,CFR,Westport,Lagos,Nigeria,Sea,MT Perak Navigator,2025-07,2025-07-25,1087.5,,Fulfilled
CTR-2025335,SO-500335,SHP-700335,2025-08-17,PC-Trading-SG,CP-07,Guangzhou Oleochem Ltd,Broker-D,MAT-1005,Palm Kernel Oil (PKO),5671.0,1130.35,6410214.85,TT 60 days,CFR,Pasir Gudang,Los Angeles,USA,Sea,MT Labuan Wave,2025-09,2025-09-08,5548.4,,Open
CTR-2025336,SO-500336,SHP-700336,2025-03-14,PC-Trading-MY,CP-15,Jeddah Oils & Fats Co,Broker-E,MAT-1008,Palm Kernel Expeller (PKE),1284.3,1031.86,1325217.8,LC 90 days,CIF,Lahad Datu,Alexandria,Egypt,Sea,MT Sarawak Trader,2025-04,2025-04-24,1247.8,LC-90336,Fulfilled
CTR-2025337,SO-500337,SHP-700337,2025-05-21,PC-Trading-SG,CP-06,Shanghai Huifeng Trading,Broker-D,MAT-1004,RBD Palm Oil,7521.6,681.18,5123563.49,TT 30 days,DAP,Lahad Datu,Guangzhou,China,Sea,MT Selangor Star,2025-06,2025-06-10,7562.6,,Fulfilled
CTR-2025338,SO-500338,SHP-700338,2025-07-01,PC-Trading-SG,CP-11,Chittagong Oil Refinery,Broker-C,MAT-1006,Palm Fatty Acid Distillate (PFAD),7032.3,1078.45,7583983.94,TT 60 days,DAP,Port Klang,Chennai,India,Sea,MT Selangor Star,2025-07,2025-07-26,6940.7,,Open
CTR-2025339,SO-500339,SHP-700339,2025-05-13,PC-Refining-MY,CP-11,Chittagong Oil Refinery,Broker-C,MAT-1007,Palm Methyl Ester Biodiesel (B100),6611.2,698.07,4615080.38,LC 90 days,DAP,Kuantan,Guangzhou,China,Sea,MT Kinabalu Spirit,2025-06,2025-05-30,6593.9,LC-90339,Fulfilled
CTR-2025340,SO-500340,SHP-700340,2026-01-18,PC-Refining-MY,CP-15,Jeddah Oils & Fats Co,Broker-E,MAT-1001,Crude Palm Oil (CPO),6629.7,921.39,6108539.28,LC at sight,FOB,Lahad Datu,Shanghai,China,Sea,MT Pahang Voyager,2026-01,2026-02-16,6605.3,LC-90340,Fulfilled
CTR-2025341,SO-500341,SHP-700341,2025-11-16,PC-Trading-SG,CP-02,Meridian Oleo Pvt Ltd,Broker-A,MAT-1003,RBD Palm Stearin,5986.9,698.98,4184723.36,TT 30 days,CFR,Lahad Datu,Guangzhou,China,Sea,MT Kinabalu Spirit,2025-11,,,,Fulfilled
CTR-2025342,SO-500342,SHP-700342,2026-06-17,PC-Trading-MY,CP-07,Guangzhou Oleochem Ltd,Broker-D,MAT-1006,Palm Fatty Acid Distillate (PFAD),2353.3,745.73,1754926.41,TT 60 days,FOB,Bintulu,Singapore,Singapore,Sea,MT Perak Navigator,2026-07,2026-07-14,2308.5,,Fulfilled
CTR-2025343,SO-500343,SHP-700343,2025-01-20,PC-Trading-SG,CP-04,Nile Delta Vegetable Oils,Broker-C,MAT-1004,RBD Palm Oil,7819.0,852.14,6662882.66,LC at sight,FOB,Westport,Jeddah,Saudi Arabia,Sea,MT Selangor Star,2025-03,2025-02-11,7893.2,LC-90343,Open
CTR-2025344,SO-500344,SHP-700344,2026-01-20,PC-Trading-MY,CP-13,California Biofuels Inc,Broker-G,MAT-1005,Palm Kernel Oil (PKO),5440.3,948.92,5162409.48,TT advance,CIF,Lahad Datu,Istanbul,Turkey,Sea,MT Sabahan Pride,2026-02,2026-02-05,5472.7,,Open
CTR-2025345,SO-500345,SHP-700345,2026-03-03,PC-Trading-SG,CP-07,Guangzhou Oleochem Ltd,Broker-D,MAT-1008,Palm Kernel Expeller (PKE),2213.4,1247.8,2761880.52,LC 90 days,CFR,Lahad Datu,Kandla,India,Sea,MT Pahang Voyager,2026-03,2026-03-18,2219.0,LC-90345,Fulfilled
CTR-2025346,SO-500346,SHP-700346,2025-04-14,PC-Trading-MY,CP-10,Istanbul Bitkisel Yag,Broker-E,MAT-1005,Palm Kernel Oil (PKO),1996.6,1058.14,2112682.32,LC 90 days,FOB,Bintulu,Chittagong,Bangladesh,Sea,MT Sabahan Pride,2025-04,,,LC-90346,Open
CTR-2025347,SO-500347,SHP-700347,2026-05-25,PC-Trading-MY,CP-10,Istanbul Bitkisel Yag,Broker-E,MAT-1004,RBD Palm Oil,729.9,804.61,587284.84,TT 60 days,FOB,Pasir Gudang,Alexandria,Egypt,Sea,MT Sarawak Trader,2026-06,2026-06-19,739.7,,Cancelled
CTR-2025348,SO-500348,SHP-700348,2026-05-24,PC-Trading-MY,CP-12,PT Nusantara Lipid,Broker-F,MAT-1004,RBD Palm Oil,5953.8,1095.62,6523102.36,TT 30 days,CFR,Kuantan,Singapore,Singapore,Sea,MT Kinabalu Spirit,2026-06,2026-06-13,5878.2,,Cancelled
CTR-2025349,SO-500349,SHP-700349,2026-05-21,PC-Trading-SG,CP-02,Meridian Oleo Pvt Ltd,Broker-A,MAT-1003,RBD Palm Stearin,3282.8,1242.59,4079174.45,LC at sight,CIF,Lahad Datu,Los Angeles,USA,Sea,MT Pahang Voyager,2026-06,,,LC-90349,Fulfilled
CTR-2025350,SO-500350,SHP-700350,2026-04-21,PC-Refining-MY,CP-02,Meridian Oleo Pvt Ltd,Broker-A,MAT-1001,Crude Palm Oil (CPO),7002.7,997.21,6983162.47,TT 60 days,CIF,Westport,"West Port, Malaysia",Malaysia,Land,N/A,2026-05,2026-06-02,7046.6,,Open
CTR-2025351,SO-500351,SHP-700351,2025-04-08,PC-Refining-MY,CP-01,Ganga Agro Traders,Broker-A,MAT-1001,Crude Palm Oil (CPO),4150.0,1174.05,4872307.5,TT 60 days,FOB,Westport,"West Port, Malaysia",Malaysia,Land,N/A,2025-05,2025-05-10,4113.0,,Open
CTR-2025352,SO-500352,SHP-700352,2026-01-17,PC-Trading-SG,CP-03,Rotterdam Fats & Oils BV,Broker-B,MAT-1006,Palm Fatty Acid Distillate (PFAD),2576.2,1005.41,2590137.24,LC 90 days,DAP,Kuantan,Kandla,India,Sea,MT Melaka Horizon,2026-02,2026-03-03,2526.0,LC-90352,Fulfilled
CTR-2025353,SO-500353,SHP-700353,2025-04-26,PC-Trading-MY,CP-12,PT Nusantara Lipid,Broker-F,MAT-1003,RBD Palm Stearin,5172.2,1028.94,5321883.47,LC at sight,FOB,Port Klang,Jeddah,Saudi Arabia,Sea,MT Labuan Wave,2025-06,2025-06-08,5051.1,LC-90353,Cancelled
CTR-2025354,SO-500354,SHP-700354,2026-01-24,PC-Trading-SG,CP-10,Istanbul Bitkisel Yag,Broker-E,MAT-1006,Palm Fatty Acid Distillate (PFAD),5868.7,1195.42,7015561.35,LC 90 days,FOB,Bintulu,Chennai,India,Sea,MT Sabahan Pride,2026-03,2026-03-06,5762.3,LC-90354,Open
CTR-2025355,SO-500355,SHP-700355,2025-03-06,PC-Refining-MY,CP-11,Chittagong Oil Refinery,Broker-C,MAT-1005,Palm Kernel Oil (PKO),7785.5,758.59,5906002.45,TT 60 days,FOB,Port Klang,Shanghai,China,Sea,MT Sabahan Pride,2025-04,2025-04-17,7743.6,,Fulfilled
CTR-2025356,SO-500356,SHP-700356,2026-05-09,PC-Refining-MY,CP-11,Chittagong Oil Refinery,Broker-C,MAT-1006,Palm Fatty Acid Distillate (PFAD),2354.2,1172.45,2760181.79,TT 30 days,DAP,Bintulu,Colombo,Sri Lanka,Sea,MT Kinabalu Spirit,2026-06,2026-05-24,2344.2,,Fulfilled
CTR-2025357,SO-500357,SHP-700357,2026-06-02,PC-Trading-SG,CP-14,Colombo Fats Trading,Broker-C,MAT-1008,Palm Kernel Expeller (PKE),3194.3,1005.77,3212731.11,LC 90 days,CIF,Westport,Lagos,Nigeria,Sea,MT Pahang Voyager,2026-07,2026-07-08,3160.9,LC-90357,Open
CTR-2025358,SO-500358,SHP-700358,2026-06-04,PC-Refining-MY,CP-09,Lagos Vegetable Oil Ltd,Broker-E,MAT-1004,RBD Palm Oil,7770.6,804.88,6254400.53,TT 30 days,DAP,Kuantan,Colombo,Sri Lanka,Sea,MT Labuan Wave,2026-06,2026-07-17,7663.8,,Fulfilled
CTR-2025359,SO-500359,SHP-700359,2025-04-01,PC-Trading-MY,CP-08,EuroFat Amsterdam,Broker-B,MAT-1008,Palm Kernel Expeller (PKE),6301.0,728.52,4590404.52,LC at sight,DAP,Port Klang,Shanghai,China,Sea,MT Melaka Horizon,2025-04,2025-05-12,6254.9,LC-90359,Cancelled
CTR-2025360,SO-500360,SHP-700360,2025-01-01,PC-Trading-SG,CP-13,California Biofuels Inc,Broker-G,MAT-1002,RBD Palm Olein,2270.4,694.1,1575884.64,TT advance,CFR,Lahad Datu,Chittagong,Bangladesh,Sea,MT Pahang Voyager,2025-02,2025-02-14,2261.3,,Fulfilled
CTR-2025361,SO-500361,SHP-700361,2025-02-25,PC-Refining-MY,CP-14,Colombo Fats Trading,Broker-C,MAT-1004,RBD Palm Oil,3027.5,1147.33,3473541.57,TT 60 days,DAP,Pasir Gudang,Lagos,Nigeria,Sea,MT Sabahan Pride,2025-04,2025-03-18,2974.3,,Fulfilled
CTR-2025362,SO-500362,SHP-700362,2025-01-03,PC-Trading-MY,CP-06,Shanghai Huifeng Trading,Broker-D,MAT-1006,Palm Fatty Acid Distillate (PFAD),5128.6,1074.07,5508475.4,TT advance,CFR,Bintulu,"West Port, Malaysia",Malaysia,Land,N/A,2025-01,2025-01-20,5017.7,,Fulfilled
CTR-2025363,SO-500363,SHP-700363,2025-05-24,PC-Trading-SG,CP-02,Meridian Oleo Pvt Ltd,Broker-A,MAT-1007,Palm Methyl Ester Biodiesel (B100),775.0,1091.84,846176.0,TT 30 days,FOB,Lahad Datu,Karachi,Pakistan,Sea,MT Melaka Horizon,2025-06,2025-06-21,770.1,,Fulfilled
CTR-2025364,SO-500364,SHP-700364,2025-12-13,PC-Trading-MY,CP-13,California Biofuels Inc,Broker-G,MAT-1002,RBD Palm Olein,6831.3,1133.4,7742595.42,LC 90 days,CIF,Port Klang,Guangzhou,China,Sea,MT Selangor Star,2026-01,2026-01-28,6922.9,LC-90364,Cancelled
CTR-2025365,SO-500365,SHP-700365,2025-02-19,PC-Trading-SG,CP-14,Colombo Fats Trading,Broker-C,MAT-1007,Palm Methyl Ester Biodiesel (B100),2043.8,717.15,1465711.17,TT advance,FOB,Kuantan,Chittagong,Bangladesh,Sea,MT Selangor Star,2025-03,2025-03-12,1988.3,,Cancelled
CTR-2025366,SO-500366,SHP-700366,2025-11-26,PC-Trading-SG,CP-07,Guangzhou Oleochem Ltd,Broker-D,MAT-1007,Palm Methyl Ester Biodiesel (B100),4483.8,1211.96,5434186.25,TT 60 days,FOB,Bintulu,Chittagong,Bangladesh,Sea,MT Perak Navigator,2025-12,,,,Fulfilled
CTR-2025367,SO-500367,SHP-700367,2025-05-22,PC-Trading-MY,CP-10,Istanbul Bitkisel Yag,Broker-E,MAT-1007,Palm Methyl Ester Biodiesel (B100),1415.8,921.32,1304404.86,TT advance,CFR,Bintulu,Jeddah,Saudi Arabia,Sea,MT Pahang Voyager,2025-06,2025-06-18,1395.7,,Cancelled
CTR-2025368,SO-500368,SHP-700368,2025-10-25,PC-Trading-SG,CP-15,Jeddah Oils & Fats Co,Broker-E,MAT-1006,Palm Fatty Acid Distillate (PFAD),4304.3,674.94,2905144.24,TT advance,FOB,Westport,Colombo,Sri Lanka,Sea,MT Perak Navigator,2025-12,2025-11-16,4387.5,,Cancelled
CTR-2025369,SO-500369,SHP-700369,2026-05-07,PC-Trading-SG,CP-11,Chittagong Oil Refinery,Broker-C,MAT-1007,Palm Methyl Ester Biodiesel (B100),7738.4,652.96,5052865.66,LC 90 days,CFR,Lahad Datu,Jeddah,Saudi Arabia,Sea,MT Sabahan Pride,2026-05,2026-05-23,7753.5,LC-90369,Fulfilled
CTR-2025370,SO-500370,SHP-700370,2025-02-24,PC-Trading-MY,CP-04,Nile Delta Vegetable Oils,Broker-C,MAT-1001,Crude Palm Oil (CPO),7009.4,922.84,6468554.7,TT 60 days,CFR,Westport,Karachi,Pakistan,Sea,MT Kinabalu Spirit,2025-03,2025-03-29,6970.4,,Cancelled
CTR-2025371,SO-500371,SHP-700371,2025-02-03,PC-Refining-MY,CP-14,Colombo Fats Trading,Broker-C,MAT-1006,Palm Fatty Acid Distillate (PFAD),5501.5,733.79,4036945.68,TT advance,FOB,Port Klang,Lagos,Nigeria,Sea,MT Pahang Voyager,2025-03,,,,Fulfilled
CTR-2025372,SO-500372,SHP-700372,2025-02-18,PC-Trading-MY,CP-07,Guangzhou Oleochem Ltd,Broker-D,MAT-1007,Palm Methyl Ester Biodiesel (B100),2809.5,1072.81,3014059.69,TT advance,CFR,Bintulu,Guangzhou,China,Sea,MT Kinabalu Spirit,2025-03,2025-03-21,2819.8,,Cancelled
CTR-2025373,SO-500373,SHP-700373,2026-03-30,PC-Trading-SG,CP-15,Jeddah Oils & Fats Co,Broker-E,MAT-1004,RBD Palm Oil,7774.3,706.34,5491299.06,TT advance,CFR,Bintulu,Colombo,Sri Lanka,Sea,MT Pahang Voyager,2026-05,2026-04-26,7713.6,,Fulfilled
CTR-2025374,SO-500374,SHP-700374,2025-07-01,PC-Refining-MY,CP-03,Rotterdam Fats & Oils BV,Broker-B,MAT-1002,RBD Palm Olein,7011.1,756.29,5302424.82,LC 90 days,CIF,Bintulu,Rotterdam,Netherlands,Sea,MT Melaka Horizon,2025-07,2025-08-02,7094.6,LC-90374,Fulfilled
CTR-2025375,SO-500375,SHP-700375,2025-05-14,PC-Trading-MY,CP-10,Istanbul Bitkisel Yag,Broker-E,MAT-1003,RBD Palm Stearin,7584.6,1059.95,8039296.77,TT 60 days,CIF,Pasir Gudang,"West Port, Malaysia",Malaysia,Land,N/A,2025-06,2025-05-31,7591.4,,Fulfilled
CTR-2025376,SO-500376,SHP-700376,2025-02-22,PC-Refining-MY,CP-08,EuroFat Amsterdam,Broker-B,MAT-1005,Palm Kernel Oil (PKO),7016.8,992.37,6963261.82,LC at sight,CFR,Lahad Datu,Los Angeles,USA,Sea,MT Pahang Voyager,2025-03,,,LC-90376,Open
CTR-2025377,SO-500377,SHP-700377,2026-06-02,PC-Refining-MY,CP-07,Guangzhou Oleochem Ltd,Broker-D,MAT-1003,RBD Palm Stearin,7482.1,1063.72,7958859.41,LC at sight,DAP,Lahad Datu,Istanbul,Turkey,Sea,MT Pahang Voyager,2026-07,2026-06-30,7338.3,LC-90377,Fulfilled
CTR-2025378,SO-500378,SHP-700378,2025-12-06,PC-Trading-SG,CP-05,Karachi Edible Oil Co.,Broker-C,MAT-1006,Palm Fatty Acid Distillate (PFAD),5441.6,886.32,4822998.91,TT advance,DAP,Lahad Datu,Alexandria,Egypt,Sea,MT Sabahan Pride,2025-12,2026-01-12,5307.4,,Fulfilled
CTR-2025379,SO-500379,SHP-700379,2025-09-07,PC-Refining-MY,CP-11,Chittagong Oil Refinery,Broker-C,MAT-1001,Crude Palm Oil (CPO),5433.8,1249.65,6790348.17,LC at sight,DAP,Pasir Gudang,Singapore,Singapore,Sea,MT Sarawak Trader,2025-10,,,LC-90379,Fulfilled
CTR-2025380,SO-500380,SHP-700380,2025-01-26,PC-Trading-SG,CP-09,Lagos Vegetable Oil Ltd,Broker-E,MAT-1006,Palm Fatty Acid Distillate (PFAD),7828.8,894.14,7000043.23,LC 90 days,DAP,Lahad Datu,Los Angeles,USA,Sea,MT Sarawak Trader,2025-02,2025-02-22,7900.2,LC-90380,Cancelled
CTR-2025381,SO-500381,SHP-700381,2025-03-26,PC-Trading-MY,CP-03,Rotterdam Fats & Oils BV,Broker-B,MAT-1002,RBD Palm Olein,4752.6,1093.07,5194924.48,LC at sight,CIF,Lahad Datu,Los Angeles,USA,Sea,MT Pahang Voyager,2025-04,2025-05-07,4706.1,LC-90381,Fulfilled
CTR-2025382,SO-500382,SHP-700382,2026-03-22,PC-Trading-MY,CP-12,PT Nusantara Lipid,Broker-F,MAT-1002,RBD Palm Olein,2952.7,1050.56,3101988.51,LC 90 days,CIF,Westport,Colombo,Sri Lanka,Sea,MT Kinabalu Spirit,2026-04,2026-04-11,2976.7,LC-90382,Open
CTR-2025383,SO-500383,SHP-700383,2025-07-02,PC-Refining-MY,CP-09,Lagos Vegetable Oil Ltd,Broker-E,MAT-1005,Palm Kernel Oil (PKO),6483.6,911.35,5908828.86,TT 60 days,FOB,Lahad Datu,Kandla,India,Sea,MT Melaka Horizon,2025-08,2025-08-14,6328.1,,Fulfilled
CTR-2025384,SO-500384,SHP-700384,2026-03-20,PC-Refining-MY,CP-01,Ganga Agro Traders,Broker-A,MAT-1006,Palm Fatty Acid Distillate (PFAD),4583.7,653.46,2995264.6,TT advance,CIF,Bintulu,Guangzhou,China,Sea,MT Sabahan Pride,2026-03,2026-04-06,4530.2,,Open
CTR-2025385,SO-500385,SHP-700385,2026-01-02,PC-Trading-SG,CP-05,Karachi Edible Oil Co.,Broker-C,MAT-1002,RBD Palm Olein,3471.3,1067.28,3704849.06,TT advance,CFR,Bintulu,Los Angeles,USA,Sea,MT Sarawak Trader,2026-01,2026-02-14,3445.0,,Fulfilled
CTR-2025386,SO-500386,SHP-700386,2025-02-01,PC-Trading-SG,CP-03,Rotterdam Fats & Oils BV,Broker-B,MAT-1008,Palm Kernel Expeller (PKE),2281.6,873.95,1994004.32,LC 90 days,FOB,Westport,Istanbul,Turkey,Sea,MT Sarawak Trader,2025-03,2025-02-25,2221.5,LC-90386,Fulfilled
CTR-2025387,SO-500387,SHP-700387,2025-01-12,PC-Trading-MY,CP-02,Meridian Oleo Pvt Ltd,Broker-A,MAT-1003,RBD Palm Stearin,5025.9,1050.93,5281869.09,TT advance,DAP,Port Klang,Chennai,India,Sea,MT Sabahan Pride,2025-02,2025-02-15,4991.6,,Fulfilled
CTR-2025388,SO-500388,SHP-700388,2025-08-05,PC-Trading-MY,CP-15,Jeddah Oils & Fats Co,Broker-E,MAT-1007,Palm Methyl Ester Biodiesel (B100),3348.4,1168.0,3910931.2,TT 30 days,FOB,Lahad Datu,Colombo,Sri Lanka,Sea,MT Pahang Voyager,2025-08,2025-09-05,3328.2,,Open
CTR-2025389,SO-500389,SHP-700389,2025-07-05,PC-Trading-SG,CP-14,Colombo Fats Trading,Broker-C,MAT-1001,Crude Palm Oil (CPO),692.3,854.75,591743.42,TT advance,DAP,Lahad Datu,Los Angeles,USA,Sea,MT Sarawak Trader,2025-07,2025-07-24,685.3,,Open
CTR-2025390,SO-500390,SHP-700390,2025-07-22,PC-Trading-SG,CP-06,Shanghai Huifeng Trading,Broker-D,MAT-1008,Palm Kernel Expeller (PKE),4851.3,970.16,4706537.21,LC at sight,FOB,Westport,Shanghai,China,Sea,MT Sabahan Pride,2025-08,2025-08-18,4891.3,LC-90390,Fulfilled
CTR-2025391,SO-500391,SHP-700391,2026-04-07,PC-Trading-MY,CP-10,Istanbul Bitkisel Yag,Broker-E,MAT-1006,Palm Fatty Acid Distillate (PFAD),6597.4,1080.87,7130931.74,TT advance,FOB,Pasir Gudang,Colombo,Sri Lanka,Sea,MT Perak Navigator,2026-05,2026-05-19,6405.5,,Open
CTR-2025392,SO-500392,SHP-700392,2025-11-17,PC-Trading-SG,CP-13,California Biofuels Inc,Broker-G,MAT-1004,RBD Palm Oil,1968.3,654.54,1288331.08,TT 60 days,DAP,Bintulu,Alexandria,Egypt,Sea,MT Selangor Star,2025-12,2025-12-23,1997.6,,Fulfilled
CTR-2025393,SO-500393,SHP-700393,2026-04-02,PC-Refining-MY,CP-13,California Biofuels Inc,Broker-G,MAT-1006,Palm Fatty Acid Distillate (PFAD),2326.1,1206.22,2805788.34,TT 30 days,CIF,Kuantan,Karachi,Pakistan,Sea,MT Sarawak Trader,2026-04,,,,Fulfilled
CTR-2025394,SO-500394,SHP-700394,2025-09-27,PC-Refining-MY,CP-12,PT Nusantara Lipid,Broker-F,MAT-1002,RBD Palm Olein,7508.3,860.97,6464421.05,TT advance,CIF,Port Klang,Kandla,India,Sea,MT Pahang Voyager,2025-11,,,,Fulfilled
CTR-2025395,SO-500395,SHP-700395,2026-04-29,PC-Trading-SG,CP-06,Shanghai Huifeng Trading,Broker-D,MAT-1003,RBD Palm Stearin,4144.0,804.07,3332066.08,TT 30 days,CFR,Westport,Guangzhou,China,Sea,MT Sabahan Pride,2026-06,2026-06-08,4083.4,,Cancelled
CTR-2025396,SO-500396,SHP-700396,2025-01-11,PC-Trading-MY,CP-14,Colombo Fats Trading,Broker-C,MAT-1004,RBD Palm Oil,6522.7,973.5,6349848.45,TT advance,FOB,Lahad Datu,Los Angeles,USA,Sea,MT Labuan Wave,2025-01,2025-02-05,6526.1,,Cancelled
CTR-2025397,SO-500397,SHP-700397,2025-05-30,PC-Trading-MY,CP-06,Shanghai Huifeng Trading,Broker-D,MAT-1008,Palm Kernel Expeller (PKE),5871.1,813.57,4776550.83,TT 30 days,DAP,Westport,Chennai,India,Sea,MT Sarawak Trader,2025-06,2025-07-07,5730.7,,Open
CTR-2025398,SO-500398,SHP-700398,2025-07-31,PC-Refining-MY,CP-07,Guangzhou Oleochem Ltd,Broker-D,MAT-1006,Palm Fatty Acid Distillate (PFAD),1858.6,1058.67,1967644.06,LC at sight,CIF,Kuantan,Lagos,Nigeria,Sea,MT Sabahan Pride,2025-08,2025-09-17,1851.6,LC-90398,Fulfilled
CTR-2025399,SO-500399,SHP-700399,2025-09-27,PC-Trading-MY,CP-07,Guangzhou Oleochem Ltd,Broker-D,MAT-1003,RBD Palm Stearin,5817.8,714.13,4154665.51,TT advance,CFR,Kuantan,Colombo,Sri Lanka,Sea,MT Sarawak Trader,2025-10,2025-11-05,5717.9,,Cancelled
CTR-2025400,SO-500400,SHP-700400,2026-02-20,PC-Trading-MY,CP-14,Colombo Fats Trading,Broker-C,MAT-1006,Palm Fatty Acid Distillate (PFAD),7722.0,940.13,7259683.86,LC 90 days,DAP,Pasir Gudang,"West Port, Malaysia",Malaysia,Sea,MT Selangor Star,2026-04,2026-04-04,7702.8,LC-90400,Fulfilled
CTR-2025401,SO-500401,SHP-700401,2025-03-20,PC-Trading-SG,CP-04,Nile Delta Vegetable Oils,Broker-C,MAT-1005,Palm Kernel Oil (PKO),825.6,1029.89,850277.18,TT 60 days,FOB,Westport,Rotterdam,Netherlands,Sea,MT Pahang Voyager,2025-04,2025-04-30,825.7,,Open
CTR-2025402,SO-500402,SHP-700402,2026-05-09,PC-Trading-MY,CP-08,EuroFat Amsterdam,Broker-B,MAT-1008,Palm Kernel Expeller (PKE),6643.9,1180.52,7843256.83,LC 90 days,FOB,Lahad Datu,Alexandria,Egypt,Sea,MT Pahang Voyager,2026-05,2026-05-26,6515.0,LC-90402,Cancelled
CTR-2025403,SO-500403,SHP-700403,2025-06-14,PC-Refining-MY,CP-11,Chittagong Oil Refinery,Broker-C,MAT-1003,RBD Palm Stearin,5082.4,896.62,4556981.49,LC at sight,FOB,Port Klang,Istanbul,Turkey,Sea,MT Sarawak Trader,2025-07,2025-07-10,5158.6,LC-90403,Fulfilled
CTR-2025404,SO-500404,SHP-700404,2025-01-20,PC-Refining-MY,CP-02,Meridian Oleo Pvt Ltd,Broker-A,MAT-1005,Palm Kernel Oil (PKO),3150.7,792.12,2495732.48,LC 90 days,DAP,Kuantan,Alexandria,Egypt,Sea,MT Pahang Voyager,2025-02,2025-03-02,3099.5,LC-90404,Fulfilled
CTR-2025405,SO-500405,SHP-700405,2025-07-06,PC-Trading-SG,CP-03,Rotterdam Fats & Oils BV,Broker-B,MAT-1005,Palm Kernel Oil (PKO),6669.6,904.24,6030919.1,LC 90 days,CFR,Bintulu,Jeddah,Saudi Arabia,Sea,MT Pahang Voyager,2025-07,2025-08-14,6501.4,LC-90405,Fulfilled
CTR-2025406,SO-500406,SHP-700406,2025-04-22,PC-Refining-MY,CP-04,Nile Delta Vegetable Oils,Broker-C,MAT-1001,Crude Palm Oil (CPO),5178.9,921.06,4770077.63,TT 30 days,DAP,Lahad Datu,Istanbul,Turkey,Sea,MT Selangor Star,2025-05,2025-06-06,5067.0,,Cancelled
CTR-2025407,SO-500407,SHP-700407,2025-02-09,PC-Refining-MY,CP-02,Meridian Oleo Pvt Ltd,Broker-A,MAT-1002,RBD Palm Olein,6026.6,1167.68,7037140.29,TT advance,FOB,Bintulu,Lagos,Nigeria,Sea,MT Kinabalu Spirit,2025-03,2025-03-23,5874.6,,Fulfilled
CTR-2025408,SO-500408,SHP-700408,2026-01-15,PC-Trading-SG,CP-12,PT Nusantara Lipid,Broker-F,MAT-1001,Crude Palm Oil (CPO),677.3,1035.18,701127.41,LC 90 days,FOB,Kuantan,Istanbul,Turkey,Sea,MT Perak Navigator,2026-02,2026-02-05,675.5,LC-90408,Fulfilled
CTR-2025409,SO-500409,SHP-700409,2025-09-18,PC-Trading-MY,CP-13,California Biofuels Inc,Broker-G,MAT-1008,Palm Kernel Expeller (PKE),2239.6,884.54,1981015.78,TT advance,CFR,Port Klang,Alexandria,Egypt,Sea,MT Melaka Horizon,2025-11,2025-10-19,2228.0,,Open
CTR-2025410,SO-500410,SHP-700410,2025-01-08,PC-Trading-MY,CP-09,Lagos Vegetable Oil Ltd,Broker-E,MAT-1002,RBD Palm Olein,7908.4,731.86,5787841.62,TT 60 days,FOB,Kuantan,Chennai,India,Sea,MT Perak Navigator,2025-02,2025-01-29,7831.0,,Fulfilled
CTR-2025411,SO-500411,SHP-700411,2025-09-17,PC-Trading-SG,CP-14,Colombo Fats Trading,Broker-C,MAT-1005,Palm Kernel Oil (PKO),3711.5,1080.56,4010498.44,TT advance,CFR,Kuantan,Istanbul,Turkey,Sea,MT Melaka Horizon,2025-10,2025-10-15,3784.1,,Cancelled
CTR-2025412,SO-500412,SHP-700412,2026-05-10,PC-Refining-MY,CP-06,Shanghai Huifeng Trading,Broker-D,MAT-1003,RBD Palm Stearin,1463.0,712.47,1042343.61,TT 60 days,DAP,Lahad Datu,Istanbul,Turkey,Sea,MT Perak Navigator,2026-06,2026-06-19,1461.4,,Fulfilled
CTR-2025413,SO-500413,SHP-700413,2025-05-02,PC-Refining-MY,CP-08,EuroFat Amsterdam,Broker-B,MAT-1004,RBD Palm Oil,2556.2,697.65,1783332.93,LC at sight,FOB,Bintulu,Los Angeles,USA,Sea,MT Melaka Horizon,2025-05,,,LC-90413,Cancelled
CTR-2025414,SO-500414,SHP-700414,2025-02-23,PC-Trading-MY,CP-07,Guangzhou Oleochem Ltd,Broker-D,MAT-1003,RBD Palm Stearin,7206.4,765.12,5513760.77,TT 30 days,CIF,Port Klang,Colombo,Sri Lanka,Sea,MT Melaka Horizon,2025-04,2025-03-15,7071.9,,Fulfilled
CTR-2025415,SO-500415,SHP-700415,2025-08-16,PC-Trading-MY,CP-02,Meridian Oleo Pvt Ltd,Broker-A,MAT-1006,Palm Fatty Acid Distillate (PFAD),3162.5,691.65,2187343.12,LC 90 days,DAP,Port Klang,Chittagong,Bangladesh,Sea,MT Sarawak Trader,2025-09,2025-09-03,3078.3,LC-90415,Fulfilled
CTR-2025416,SO-500416,SHP-700416,2026-03-26,PC-Refining-MY,CP-04,Nile Delta Vegetable Oils,Broker-C,MAT-1001,Crude Palm Oil (CPO),6502.7,790.23,5138628.62,TT 30 days,CFR,Bintulu,"West Port, Malaysia",Malaysia,Sea,MT Pahang Voyager,2026-05,2026-04-20,6593.8,,Open
CTR-2025417,SO-500417,SHP-700417,2026-01-04,PC-Trading-SG,CP-11,Chittagong Oil Refinery,Broker-C,MAT-1004,RBD Palm Oil,5381.6,969.77,5218914.23,TT 60 days,CIF,Westport,Chennai,India,Sea,MT Perak Navigator,2026-02,2026-02-13,5309.8,,Cancelled
CTR-2025418,SO-500418,SHP-700418,2025-07-25,PC-Trading-SG,CP-12,PT Nusantara Lipid,Broker-F,MAT-1001,Crude Palm Oil (CPO),5521.2,1246.48,6882065.38,TT advance,CIF,Port Klang,Jeddah,Saudi Arabia,Sea,MT Perak Navigator,2025-08,2025-08-31,5509.5,,Fulfilled
CTR-2025419,SO-500419,SHP-700419,2025-07-19,PC-Trading-MY,CP-15,Jeddah Oils & Fats Co,Broker-E,MAT-1008,Palm Kernel Expeller (PKE),5979.9,929.12,5556044.69,TT 60 days,CIF,Lahad Datu,Guangzhou,China,Sea,MT Melaka Horizon,2025-08,,,,Cancelled
